2025307,499862265,499864806,0,59,Lo,1,1,1,1,1,1,1,# from imap_lo_l1b_goodtimes_20251103-repoint00037_v001.0001.cdf repoint00037 pivot=90.096
2025307,499865647,499869878,0,59,Lo,1,1,1,1,1,1,1,# from imap_lo_l1b_goodtimes_20251103-repoint00037_v001.0001.cdf repoint00037 pivot=90.096
2025307,499870718,499870723,0,59,Lo,1,1,1,1,1,1,1,# from imap_lo_l1b_goodtimes_20251103-repoint00037_v001.0001.cdf repoint00037 pivot=90.096
2025307,499876214,499879605,0,59,Lo,1,1,1,1,1,1,1,# from imap_lo_l1b_goodtimes_20251103-repoint00037_v001.0001.cdf repoint00037 pivot=90.096
2025307,499880448,499880875,0,59,Lo,1,1,1,1,1,1,1,# from imap_lo_l1b_goodtimes_20251103-repoint00037_v001.0001.cdf repoint00037 pivot=90.096
2025307,499891875,499894842,0,59,Lo,1,1,1,1,1,1,1,# from imap_lo_l1b_goodtimes_20251103-repoint00037_v001.0001.cdf repoint00037 pivot=90.096
2025307,499910074,499910079,0,59,Lo,1,1,1,1,1,1,1,# from imap_lo_l1b_goodtimes_20251103-repoint00037_v001.0001.cdf repoint00037 pivot=90.096
2025307,499928697,499928702,0,59,Lo,1,1,1,1,1,1,1,# from imap_lo_l1b_goodtimes_20251103-repoint00037_v001.0001.cdf repoint00037 pivot=90.096
2025307,499933352,499934204,0,59,Lo,1,1,1,1,1,1,1,# from imap_lo_l1b_goodtimes_20251103-repoint00037_v001.0001.cdf repoint00037 pivot=90.096
2025308,499948590,499948595,0,59,Lo,1,1,1,1,1,1,1,# from imap_lo_l1b_goodtimes_20251104-repoint00038_v001.0001.cdf repoint00038 pivot=90.096
2025308,499950706,499950711,0,59,Lo,1,1,1,1,1,1,1,# from imap_lo_l1b_goodtimes_20251104-repoint00038_v001.0001.cdf repoint00038 pivot=90.096
2025308,499967212,499969756,0,59,Lo,1,1,1,1,1,1,1,# from imap_lo_l1b_goodtimes_20251104-repoint00038_v001.0001.cdf repoint00038 pivot=90.096
2025308,499970597,499971872,0,59,Lo,1,1,1,1,1,1,1,# from imap_lo_l1b_goodtimes_20251104-repoint00038_v001.0001.cdf repoint00038 pivot=90.096
2025308,499977793,499978644,0,59,Lo,1,1,1,1,1,1,1,# from imap_lo_l1b_goodtimes_20251104-repoint00038_v001.0001.cdf repoint00038 pivot=90.096
2025308,499979909,499980760,0,59,Lo,1,1,1,1,1,1,1,# from imap_lo_l1b_goodtimes_20251104-repoint00038_v001.0001.cdf repoint00038 pivot=90.096
2025308,499990913,499990918,0,59,Lo,1,1,1,1,1,1,1,# from imap_lo_l1b_goodtimes_20251104-repoint00038_v001.0001.cdf repoint00038 pivot=90.096
2025308,500018846,500019275,0,59,Lo,1,1,1,1,1,1,1,# from imap_lo_l1b_goodtimes_20251104-repoint00038_v001.0001.cdf repoint00038 pivot=90.096
2025311,500252475,500252902,0,59,Lo,1,1,1,1,1,1,1,# from imap_lo_l1b_goodtimes_20251107-repoint00041_v001.0002.cdf repoint00041 pivot=90.096
2025311,500257130,500258828,0,59,Lo,1,1,1,1,1,1,1,# from imap_lo_l1b_goodtimes_20251107-repoint00041_v001.0002.cdf repoint00041 pivot=90.096
2025312,500296491,500296919,0,59,Lo,1,1,1,1,1,1,1,# from imap_lo_l1b_goodtimes_20251108-repoint00042_v001.0001.cdf repoint00042 pivot=90.096
2025312,500306225,500306307,0,59,Lo,1,1,1,1,1,1,1,# from imap_lo_l1b_goodtimes_20251108-repoint00042_v001.0001.cdf repoint00042 pivot=90.096
2025312,500307330,500378861,0,59,Lo,1,1,1,1,1,1,1,# from imap_lo_l1b_goodtimes_20251108-repoint00042_v001.0001.cdf repoint00042 pivot=90.096
2025313,500379280,500465202,0,59,Lo,1,1,1,1,1,1,1,# from imap_lo_l1b_goodtimes_20251109-repoint00043_v001.0002.cdf repoint00043 pivot=90.096
2025314,500465621,500480863,0,59,Lo,1,1,1,1,1,1,1,# from imap_lo_l1b_goodtimes_20251110-repoint00044_v001.0002.cdf repoint00044 pivot=90.096
2025314,500481750,500483448,0,59,Lo,1,1,1,1,1,1,1,# from imap_lo_l1b_goodtimes_20251110-repoint00044_v001.0002.cdf repoint00044 pivot=90.096
2025314,500485137,500485564,0,59,Lo,1,1,1,1,1,1,1,# from imap_lo_l1b_goodtimes_20251110-repoint00044_v001.0002.cdf repoint00044 pivot=90.096
2025314,500486405,500487258,0,59,Lo,1,1,1,1,1,1,1,# from imap_lo_l1b_goodtimes_20251110-repoint00044_v001.0002.cdf repoint00044 pivot=90.096
2025314,500488522,500488527,0,59,Lo,1,1,1,1,1,1,1,# from imap_lo_l1b_goodtimes_20251110-repoint00044_v001.0002.cdf repoint00044 pivot=90.096
2025314,500490638,500490643,0,59,Lo,1,1,1,1,1,1,1,# from imap_lo_l1b_goodtimes_20251110-repoint00044_v001.0002.cdf repoint00044 pivot=90.096
2025314,500497410,500497839,0,59,Lo,1,1,1,1,1,1,1,# from imap_lo_l1b_goodtimes_20251110-repoint00044_v001.0002.cdf repoint00044 pivot=90.096
2025314,500505451,500506726,0,59,Lo,1,1,1,1,1,1,1,# from imap_lo_l1b_goodtimes_20251110-repoint00044_v001.0002.cdf repoint00044 pivot=90.096
2025314,500510107,500520270,0,59,Lo,1,1,1,1,1,1,1,# from imap_lo_l1b_goodtimes_20251110-repoint00044_v001.0002.cdf repoint00044 pivot=90.096
2025314,500522804,500522809,0,59,Lo,1,1,1,1,1,1,1,# from imap_lo_l1b_goodtimes_20251110-repoint00044_v001.0002.cdf repoint00044 pivot=90.096
2025314,500523652,500527465,0,59,Lo,1,1,1,1,1,1,1,# from imap_lo_l1b_goodtimes_20251110-repoint00044_v001.0002.cdf repoint00044 pivot=90.096
2025314,500530000,500530005,0,59,Lo,1,1,1,1,1,1,1,# from imap_lo_l1b_goodtimes_20251110-repoint00044_v001.0002.cdf repoint00044 pivot=90.096
2025314,500531269,500534237,0,59,Lo,1,1,1,1,1,1,1,# from imap_lo_l1b_goodtimes_20251110-repoint00044_v001.0002.cdf repoint00044 pivot=90.096
2025314,500535079,500535084,0,59,Lo,1,1,1,1,1,1,1,# from imap_lo_l1b_goodtimes_20251110-repoint00044_v001.0002.cdf repoint00044 pivot=90.096
2025314,500536348,500540162,0,59,Lo,1,1,1,1,1,1,1,# from imap_lo_l1b_goodtimes_20251110-repoint00044_v001.0002.cdf repoint00044 pivot=90.096
2025314,500545237,500551591,0,59,Lo,1,1,1,1,1,1,1,# from imap_lo_l1b_goodtimes_20251110-repoint00044_v001.0002.cdf repoint00044 pivot=90.096
2025315,500553701,500554129,0,59,Lo,1,1,1,1,1,1,1,# from imap_lo_l1b_goodtimes_20251111-repoint00045_v001.0002.cdf repoint00045 pivot=90.096
2025318,500844490,500881741,0,59,Lo,1,1,1,1,1,1,1,# from imap_lo_l1b_goodtimes_20251114-repoint00048_v001.0002.cdf repoint00048 pivot=90.096
2025318,500883429,500896555,0,59,Lo,1,1,1,1,1,1,1,# from imap_lo_l1b_goodtimes_20251114-repoint00048_v001.0002.cdf repoint00048 pivot=90.096
2025319,500896973,500920682,0,59,Lo,1,1,1,1,1,1,1,# from imap_lo_l1b_goodtimes_20251115-repoint00049_v001.0002.cdf repoint00049 pivot=90.096
2025319,500921945,500949039,0,59,Lo,1,1,1,1,1,1,1,# from imap_lo_l1b_goodtimes_20251115-repoint00049_v001.0002.cdf repoint00049 pivot=90.096
2025319,500951573,500953271,0,59,Lo,1,1,1,1,1,1,1,# from imap_lo_l1b_goodtimes_20251115-repoint00049_v001.0002.cdf repoint00049 pivot=90.096
2025320,500995169,500996020,0,59,Lo,1,1,1,1,1,1,1,# from imap_lo_l1b_goodtimes_20251116-repoint00050_v001.0001.cdf repoint00050 pivot=90.096
2025320,501018871,501018876,0,59,Lo,1,1,1,1,1,1,1,# from imap_lo_l1b_goodtimes_20251116-repoint00050_v001.0001.cdf repoint00050 pivot=90.096
2025320,501026490,501026918,0,59,Lo,1,1,1,1,1,1,1,# from imap_lo_l1b_goodtimes_20251116-repoint00050_v001.0001.cdf repoint00050 pivot=90.096
2025320,501027760,501029458,0,59,Lo,1,1,1,1,1,1,1,# from imap_lo_l1b_goodtimes_20251116-repoint00050_v001.0001.cdf repoint00050 pivot=90.096
2025320,501030299,501030728,0,59,Lo,1,1,1,1,1,1,1,# from imap_lo_l1b_goodtimes_20251116-repoint00050_v001.0001.cdf repoint00050 pivot=90.096
2025320,501032416,501035807,0,59,Lo,1,1,1,1,1,1,1,# from imap_lo_l1b_goodtimes_20251116-repoint00050_v001.0001.cdf repoint00050 pivot=90.096
2025320,501040458,501040463,0,59,Lo,1,1,1,1,1,1,1,# from imap_lo_l1b_goodtimes_20251116-repoint00050_v001.0001.cdf repoint00050 pivot=90.096
2025320,501045113,501048081,0,59,Lo,1,1,1,1,1,1,1,# from imap_lo_l1b_goodtimes_20251116-repoint00050_v001.0001.cdf repoint00050 pivot=90.096
2025320,501048923,501049774,0,59,Lo,1,1,1,1,1,1,1,# from imap_lo_l1b_goodtimes_20251116-repoint00050_v001.0001.cdf repoint00050 pivot=90.096
2025320,501054002,501069667,0,59,Lo,1,1,1,1,1,1,1,# from imap_lo_l1b_goodtimes_20251116-repoint00050_v001.0001.cdf repoint00050 pivot=90.096
2025321,501070085,501075593,0,59,Lo,1,1,1,1,1,1,1,# from imap_lo_l1b_goodtimes_20251117-repoint00051_v001.0002.cdf repoint00051 pivot=90.096
2025321,501076436,501153897,0,59,Lo,1,1,1,1,1,1,1,# from imap_lo_l1b_goodtimes_20251117-repoint00051_v001.0002.cdf repoint00051 pivot=90.096
2025322,501156431,501242359,0,59,Lo,1,1,1,1,1,1,1,# from imap_lo_l1b_goodtimes_20251118-repoint00052_v001.0002.cdf repoint00052 pivot=90.096
2025323,501242778,501264369,0,59,Lo,1,1,1,1,1,1,1,# from imap_lo_l1b_goodtimes_20251119-repoint00053_v001.0002.cdf repoint00053 pivot=90.096
2025323,501266903,501299923,0,59,Lo,1,1,1,1,1,1,1,# from imap_lo_l1b_goodtimes_20251119-repoint00053_v001.0002.cdf repoint00053 pivot=90.096
2025323,501300764,501300769,0,59,Lo,1,1,1,1,1,1,1,# from imap_lo_l1b_goodtimes_20251119-repoint00053_v001.0002.cdf repoint00053 pivot=90.096
2025323,501302881,501313467,0,59,Lo,1,1,1,1,1,1,1,# from imap_lo_l1b_goodtimes_20251119-repoint00053_v001.0002.cdf repoint00053 pivot=90.096
2025323,501314732,501314737,0,59,Lo,1,1,1,1,1,1,1,# from imap_lo_l1b_goodtimes_20251119-repoint00053_v001.0002.cdf repoint00053 pivot=90.096
2025323,501315578,501318969,0,59,Lo,1,1,1,1,1,1,1,# from imap_lo_l1b_goodtimes_20251119-repoint00053_v001.0002.cdf repoint00053 pivot=90.096
2025323,501320234,501324048,0,59,Lo,1,1,1,1,1,1,1,# from imap_lo_l1b_goodtimes_20251119-repoint00053_v001.0002.cdf repoint00053 pivot=90.096
2025323,501325736,501329128,0,59,Lo,1,1,1,1,1,1,1,# from imap_lo_l1b_goodtimes_20251119-repoint00053_v001.0002.cdf repoint00053 pivot=90.096
2025324,501329546,501334207,0,59,Lo,1,1,1,1,1,1,1,# from imap_lo_l1b_goodtimes_20251120-repoint00054_v001.0002.cdf repoint00054 pivot=90.096
2025324,501337165,501340557,0,59,Lo,1,1,1,1,1,1,1,# from imap_lo_l1b_goodtimes_20251120-repoint00054_v001.0002.cdf repoint00054 pivot=90.096
2025324,501347323,501348175,0,59,Lo,1,1,1,1,1,1,1,# from imap_lo_l1b_goodtimes_20251120-repoint00054_v001.0002.cdf repoint00054 pivot=90.096
2025324,501354097,501354102,0,59,Lo,1,1,1,1,1,1,1,# from imap_lo_l1b_goodtimes_20251120-repoint00054_v001.0002.cdf repoint00054 pivot=90.096
2025324,501360445,501361719,0,59,Lo,1,1,1,1,1,1,1,# from imap_lo_l1b_goodtimes_20251120-repoint00054_v001.0002.cdf repoint00054 pivot=90.096
2025324,501366794,501369761,0,59,Lo,1,1,1,1,1,1,1,# from imap_lo_l1b_goodtimes_20251120-repoint00054_v001.0002.cdf repoint00054 pivot=90.096
2025324,501370603,501371031,0,59,Lo,1,1,1,1,1,1,1,# from imap_lo_l1b_goodtimes_20251120-repoint00054_v001.0002.cdf repoint00054 pivot=90.096
2025324,501376529,501376957,0,59,Lo,1,1,1,1,1,1,1,# from imap_lo_l1b_goodtimes_20251120-repoint00054_v001.0002.cdf repoint00054 pivot=90.096
2025328,501713588,501713593,0,59,Lo,1,1,1,1,1,1,1,# from imap_lo_l1b_goodtimes_20251124-repoint00058_v001.0002.cdf repoint00058 pivot=90.096
2025328,501714859,501714864,0,59,Lo,1,1,1,1,1,1,1,# from imap_lo_l1b_goodtimes_20251124-repoint00058_v001.0002.cdf repoint00058 pivot=90.096
2025328,501715707,501716982,0,59,Lo,1,1,1,1,1,1,1,# from imap_lo_l1b_goodtimes_20251124-repoint00058_v001.0002.cdf repoint00058 pivot=90.096
2025328,501718672,501718677,0,59,Lo,1,1,1,1,1,1,1,# from imap_lo_l1b_goodtimes_20251124-repoint00058_v001.0002.cdf repoint00058 pivot=90.096
2025328,501721213,501721218,0,59,Lo,1,1,1,1,1,1,1,# from imap_lo_l1b_goodtimes_20251124-repoint00058_v001.0002.cdf repoint00058 pivot=90.096
2025328,501726719,501727995,0,59,Lo,1,1,1,1,1,1,1,# from imap_lo_l1b_goodtimes_20251124-repoint00058_v001.0002.cdf repoint00058 pivot=90.096
2025328,501730108,501733502,0,59,Lo,1,1,1,1,1,1,1,# from imap_lo_l1b_goodtimes_20251124-repoint00058_v001.0002.cdf repoint00058 pivot=90.096
2025328,501734344,501734349,0,59,Lo,1,1,1,1,1,1,1,# from imap_lo_l1b_goodtimes_20251124-repoint00058_v001.0002.cdf repoint00058 pivot=90.096
2025328,501735191,501735196,0,59,Lo,1,1,1,1,1,1,1,# from imap_lo_l1b_goodtimes_20251124-repoint00058_v001.0002.cdf repoint00058 pivot=90.096
2025328,501739003,501741126,0,59,Lo,1,1,1,1,1,1,1,# from imap_lo_l1b_goodtimes_20251124-repoint00058_v001.0002.cdf repoint00058 pivot=90.096
2025328,501748746,501748751,0,59,Lo,1,1,1,1,1,1,1,# from imap_lo_l1b_goodtimes_20251124-repoint00058_v001.0002.cdf repoint00058 pivot=90.096
2025328,501752982,501755951,0,59,Lo,1,1,1,1,1,1,1,# from imap_lo_l1b_goodtimes_20251124-repoint00058_v001.0002.cdf repoint00058 pivot=90.096
2025328,501756795,501761034,0,59,Lo,1,1,1,1,1,1,1,# from imap_lo_l1b_goodtimes_20251124-repoint00058_v001.0002.cdf repoint00058 pivot=90.096
2025329,501761453,501769930,0,59,Lo,1,1,1,1,1,1,1,# from imap_lo_l1b_goodtimes_20251125-repoint00059_v001.0002.cdf repoint00059 pivot=90.096
2025329,501771196,501771624,0,59,Lo,1,1,1,1,1,1,1,# from imap_lo_l1b_goodtimes_20251125-repoint00059_v001.0002.cdf repoint00059 pivot=90.096
2025329,501775008,501775860,0,59,Lo,1,1,1,1,1,1,1,# from imap_lo_l1b_goodtimes_20251125-repoint00059_v001.0002.cdf repoint00059 pivot=90.096
2025329,501797625,501846918,0,59,Lo,1,1,1,1,1,1,1,# from imap_lo_l1b_goodtimes_20251125-repoint00059_v001.0002.cdf repoint00059 pivot=90.096
2025330,501848532,501859551,0,59,Lo,1,1,1,1,1,1,1,# from imap_lo_l1b_goodtimes_20251126-repoint00060_v001.0002.cdf repoint00060 pivot=90.096
2025330,501860695,501866207,0,59,Lo,1,1,1,1,1,1,1,# from imap_lo_l1b_goodtimes_20251126-repoint00060_v001.0002.cdf repoint00060 pivot=90.096
2025330,501866671,501866676,0,59,Lo,1,1,1,1,1,1,1,# from imap_lo_l1b_goodtimes_20251126-repoint00060_v001.0002.cdf repoint00060 pivot=90.096
2025330,501874024,501933316,0,59,Lo,1,1,1,1,1,1,1,# from imap_lo_l1b_goodtimes_20251126-repoint00060_v001.0002.cdf repoint00060 pivot=90.096
2025331,501934931,502019715,0,59,Lo,1,1,1,1,1,1,1,# from imap_lo_l1b_goodtimes_20251127-repoint00061_v001.0002.cdf repoint00061 pivot=90.096
2025332,502021329,502106114,0,59,Lo,1,1,1,1,1,1,1,# from imap_lo_l1b_goodtimes_20251128-repoint00062_v001.0002.cdf repoint00062 pivot=90.096
2025333,502107728,502192515,0,59,Lo,1,1,1,1,1,1,1,# from imap_lo_l1b_goodtimes_20251129-repoint00063_v001.0002.cdf repoint00063 pivot=90.096
2025334,502194128,502278914,0,59,Lo,1,1,1,1,1,1,1,# from imap_lo_l1b_goodtimes_20251130-repoint00064_v001.0002.cdf repoint00064 pivot=90.096
2025335,502280528,502365314,0,59,Lo,1,1,1,1,1,1,1,# from imap_lo_l1b_goodtimes_20251201-repoint00065_v001.0002.cdf repoint00065 pivot=90.096
2025336,502366928,502425816,0,59,Lo,1,1,1,1,1,1,1,# from imap_lo_l1b_goodtimes_20251202-repoint00066_v001.0002.cdf repoint00066 pivot=90.096
2025336,502426657,502426662,0,59,Lo,1,1,1,1,1,1,1,# from imap_lo_l1b_goodtimes_20251202-repoint00066_v001.0002.cdf repoint00066 pivot=90.096
2025336,502427504,502451715,0,59,Lo,1,1,1,1,1,1,1,# from imap_lo_l1b_goodtimes_20251202-repoint00066_v001.0002.cdf repoint00066 pivot=90.096
2025337,502453330,502460537,0,59,Lo,1,1,1,1,1,1,1,# from imap_lo_l1b_goodtimes_20251203-repoint00067_v001.0002.cdf repoint00067 pivot=90.096
2025337,502483391,502538117,0,59,Lo,1,1,1,1,1,1,1,# from imap_lo_l1b_goodtimes_20251203-repoint00067_v001.0002.cdf repoint00067 pivot=90.096
2025338,502539730,502624520,0,59,Lo,1,1,1,1,1,1,1,# from imap_lo_l1b_goodtimes_20251204-repoint00068_v001.0002.cdf repoint00068 pivot=90.096
2025339,502626135,502641389,0,59,Lo,1,1,1,1,1,1,1,# from imap_lo_l1b_goodtimes_20251205-repoint00069_v001.0002.cdf repoint00069 pivot=90.096
2025339,502642550,502710909,0,59,Lo,1,1,1,1,1,1,1,# from imap_lo_l1b_goodtimes_20251205-repoint00069_v001.0002.cdf repoint00069 pivot=90.096
2025340,502712537,502797314,0,59,Lo,1,1,1,1,1,1,1,# from imap_lo_l1b_goodtimes_20251206-repoint00070_v001.0002.cdf repoint00070 pivot=90.096
2025341,502798942,502839192,0,59,Lo,1,1,1,1,1,1,1,# from imap_lo_l1b_goodtimes_20251207-repoint00071_v001.0002.cdf repoint00071 pivot=90.096
2025341,502840034,502840463,0,59,Lo,1,1,1,1,1,1,1,# from imap_lo_l1b_goodtimes_20251207-repoint00071_v001.0002.cdf repoint00071 pivot=90.096
2025341,502856555,502856560,0,59,Lo,1,1,1,1,1,1,1,# from imap_lo_l1b_goodtimes_20251207-repoint00071_v001.0002.cdf repoint00071 pivot=90.096
2025341,502857403,502860797,0,59,Lo,1,1,1,1,1,1,1,# from imap_lo_l1b_goodtimes_20251207-repoint00071_v001.0002.cdf repoint00071 pivot=90.096
2025341,502861640,502883717,0,59,Lo,1,1,1,1,1,1,1,# from imap_lo_l1b_goodtimes_20251207-repoint00071_v001.0002.cdf repoint00071 pivot=90.096
2025342,502885331,502934478,0,59,Lo,1,1,1,1,1,1,1,# from imap_lo_l1b_goodtimes_20251208-repoint00072_v001.0002.cdf repoint00072 pivot=90.096
2025342,502935320,502964132,0,59,Lo,1,1,1,1,1,1,1,# from imap_lo_l1b_goodtimes_20251208-repoint00072_v001.0002.cdf repoint00072 pivot=90.096
2025343,502988260,503007751,0,59,Lo,1,1,1,1,1,1,1,# from imap_lo_l1b_goodtimes_20251209-repoint00073_v001.0002.cdf repoint00073 pivot=104.944
2025343,503009017,503029357,0,59,Lo,1,1,1,1,1,1,1,# from imap_lo_l1b_goodtimes_20251209-repoint00073_v001.0002.cdf repoint00073 pivot=104.944
2025343,503032741,503037829,0,59,Lo,1,1,1,1,1,1,1,# from imap_lo_l1b_goodtimes_20251209-repoint00073_v001.0002.cdf repoint00073 pivot=104.944
2025343,503042484,503056514,0,59,Lo,1,1,1,1,1,1,1,# from imap_lo_l1b_goodtimes_20251209-repoint00073_v001.0002.cdf repoint00073 pivot=104.944
2025344,503058128,503062370,0,59,Lo,1,1,1,1,1,1,1,# from imap_lo_l1b_goodtimes_20251210-repoint00074_v001.0002.cdf repoint00074 pivot=90.096
2025344,503067025,503070420,0,59,Lo,1,1,1,1,1,1,1,# from imap_lo_l1b_goodtimes_20251210-repoint00074_v001.0002.cdf repoint00074 pivot=90.096
2025344,503072956,503073808,0,59,Lo,1,1,1,1,1,1,1,# from imap_lo_l1b_goodtimes_20251210-repoint00074_v001.0002.cdf repoint00074 pivot=90.096
2025344,503100779,503107139,0,59,Lo,1,1,1,1,1,1,1,# from imap_lo_l1b_goodtimes_20251210-repoint00074_v001.0002.cdf repoint00074 pivot=90.096
2025344,503112641,503113917,0,59,Lo,1,1,1,1,1,1,1,# from imap_lo_l1b_goodtimes_20251210-repoint00074_v001.0002.cdf repoint00074 pivot=90.096
2025344,503115607,503122390,0,59,Lo,1,1,1,1,1,1,1,# from imap_lo_l1b_goodtimes_20251210-repoint00074_v001.0002.cdf repoint00074 pivot=90.096
2025344,503123232,503142920,0,59,Lo,1,1,1,1,1,1,1,# from imap_lo_l1b_goodtimes_20251210-repoint00074_v001.0002.cdf repoint00074 pivot=90.096
2025345,503146032,503154087,0,59,Lo,1,1,1,1,1,1,1,# from imap_lo_l1b_goodtimes_20251211-repoint00075_v001.0002.cdf repoint00075 pivot=74.990
2025345,503163825,503163830,0,59,Lo,1,1,1,1,1,1,1,# from imap_lo_l1b_goodtimes_20251211-repoint00075_v001.0002.cdf repoint00075 pivot=74.990
2025345,503167638,503167643,0,59,Lo,1,1,1,1,1,1,1,# from imap_lo_l1b_goodtimes_20251211-repoint00075_v001.0002.cdf repoint00075 pivot=74.990
2025345,503169334,503169761,0,59,Lo,1,1,1,1,1,1,1,# from imap_lo_l1b_goodtimes_20251211-repoint00075_v001.0002.cdf repoint00075 pivot=74.990
2025345,503171027,503171032,0,59,Lo,1,1,1,1,1,1,1,# from imap_lo_l1b_goodtimes_20251211-repoint00075_v001.0002.cdf repoint00075 pivot=74.990
2025345,503174417,503174845,0,59,Lo,1,1,1,1,1,1,1,# from imap_lo_l1b_goodtimes_20251211-repoint00075_v001.0002.cdf repoint00075 pivot=74.990
2025345,503204920,503210431,0,59,Lo,1,1,1,1,1,1,1,# from imap_lo_l1b_goodtimes_20251211-repoint00075_v001.0002.cdf repoint00075 pivot=74.990
2025345,503211697,503229313,0,59,Lo,1,1,1,1,1,1,1,# from imap_lo_l1b_goodtimes_20251211-repoint00075_v001.0002.cdf repoint00075 pivot=74.990
2025346,503232440,503233716,0,59,Lo,1,1,1,1,1,1,1,# from imap_lo_l1b_goodtimes_20251212-repoint00076_v001.0002.cdf repoint00076 pivot=90.096
2025346,503235406,503236258,0,59,Lo,1,1,1,1,1,1,1,# from imap_lo_l1b_goodtimes_20251212-repoint00076_v001.0002.cdf repoint00076 pivot=90.096
2025346,503237101,503239647,0,59,Lo,1,1,1,1,1,1,1,# from imap_lo_l1b_goodtimes_20251212-repoint00076_v001.0002.cdf repoint00076 pivot=90.096
2025346,503240490,503240918,0,59,Lo,1,1,1,1,1,1,1,# from imap_lo_l1b_goodtimes_20251212-repoint00076_v001.0002.cdf repoint00076 pivot=90.096
2025346,503242608,503246002,0,59,Lo,1,1,1,1,1,1,1,# from imap_lo_l1b_goodtimes_20251212-repoint00076_v001.0002.cdf repoint00076 pivot=90.096
2025346,503246844,503248120,0,59,Lo,1,1,1,1,1,1,1,# from imap_lo_l1b_goodtimes_20251212-repoint00076_v001.0002.cdf repoint00076 pivot=90.096
2025346,503252352,503260406,0,59,Lo,1,1,1,1,1,1,1,# from imap_lo_l1b_goodtimes_20251212-repoint00076_v001.0002.cdf repoint00076 pivot=90.096
2025346,503265061,503268455,0,59,Lo,1,1,1,1,1,1,1,# from imap_lo_l1b_goodtimes_20251212-repoint00076_v001.0002.cdf repoint00076 pivot=90.096
2025346,503279041,503279046,0,59,Lo,1,1,1,1,1,1,1,# from imap_lo_l1b_goodtimes_20251212-repoint00076_v001.0002.cdf repoint00076 pivot=90.096
2025346,503280312,503280317,0,59,Lo,1,1,1,1,1,1,1,# from imap_lo_l1b_goodtimes_20251212-repoint00076_v001.0002.cdf repoint00076 pivot=90.096
2025346,503284125,503296416,0,59,Lo,1,1,1,1,1,1,1,# from imap_lo_l1b_goodtimes_20251212-repoint00076_v001.0002.cdf repoint00076 pivot=90.096
2025347,503334931,503402113,0,59,Lo,1,1,1,1,1,1,1,# from imap_lo_l1b_goodtimes_20251213-repoint00077_v001.0002.cdf repoint00077 pivot=104.944
2025348,503405240,503488520,0,59,Lo,1,1,1,1,1,1,1,# from imap_lo_l1b_goodtimes_20251214-repoint00078_v001.0002.cdf repoint00078 pivot=90.096
2025349,503491632,503532731,0,59,Lo,1,1,1,1,1,1,1,# from imap_lo_l1b_goodtimes_20251215-repoint00079_v001.0001.cdf repoint00079 pivot=74.990
2025349,503535268,503538663,0,59,Lo,1,1,1,1,1,1,1,# from imap_lo_l1b_goodtimes_20251215-repoint00079_v001.0001.cdf repoint00079 pivot=74.990
2025350,503578042,503579741,0,59,Lo,1,1,1,1,1,1,1,# from imap_lo_l1b_goodtimes_20251216-repoint00080_v001.0001.cdf repoint00080 pivot=90.096
2025350,503581431,503661323,0,59,Lo,1,1,1,1,1,1,1,# from imap_lo_l1b_goodtimes_20251216-repoint00080_v001.0001.cdf repoint00080 pivot=90.096
2025351,503664435,503670795,0,59,Lo,1,1,1,1,1,1,1,# from imap_lo_l1b_goodtimes_20251217-repoint00081_v001.0001.cdf repoint00081 pivot=104.944
2025351,503672484,503680539,0,59,Lo,1,1,1,1,1,1,1,# from imap_lo_l1b_goodtimes_20251217-repoint00081_v001.0001.cdf repoint00081 pivot=104.944
2025351,503682228,503708499,0,59,Lo,1,1,1,1,1,1,1,# from imap_lo_l1b_goodtimes_20251217-repoint00081_v001.0001.cdf repoint00081 pivot=104.944
2025351,503709341,503710617,0,59,Lo,1,1,1,1,1,1,1,# from imap_lo_l1b_goodtimes_20251217-repoint00081_v001.0001.cdf repoint00081 pivot=104.944
2025351,503711883,503731799,0,59,Lo,1,1,1,1,1,1,1,# from imap_lo_l1b_goodtimes_20251217-repoint00081_v001.0001.cdf repoint00081 pivot=104.944
2025351,503733912,503733917,0,59,Lo,1,1,1,1,1,1,1,# from imap_lo_l1b_goodtimes_20251217-repoint00081_v001.0001.cdf repoint00081 pivot=104.944
2025351,503737301,503737306,0,59,Lo,1,1,1,1,1,1,1,# from imap_lo_l1b_goodtimes_20251217-repoint00081_v001.0001.cdf repoint00081 pivot=104.944
2025351,503738149,503739001,0,59,Lo,1,1,1,1,1,1,1,# from imap_lo_l1b_goodtimes_20251217-repoint00081_v001.0001.cdf repoint00081 pivot=104.944
2025351,503740691,503741119,0,59,Lo,1,1,1,1,1,1,1,# from imap_lo_l1b_goodtimes_20251217-repoint00081_v001.0001.cdf repoint00081 pivot=104.944
2025351,503744503,503745779,0,59,Lo,1,1,1,1,1,1,1,# from imap_lo_l1b_goodtimes_20251217-repoint00081_v001.0001.cdf repoint00081 pivot=104.944
2025352,503750829,503758458,0,59,Lo,1,1,1,1,1,1,1,# from imap_lo_l1b_goodtimes_20251218-repoint00082_v001.0002.cdf repoint00082 pivot=90.096
2025352,503760148,503760577,0,59,Lo,1,1,1,1,1,1,1,# from imap_lo_l1b_goodtimes_20251218-repoint00082_v001.0002.cdf repoint00082 pivot=90.096
2025352,503761843,503761848,0,59,Lo,1,1,1,1,1,1,1,# from imap_lo_l1b_goodtimes_20251218-repoint00082_v001.0002.cdf repoint00082 pivot=90.096
2025352,503765657,503766931,0,59,Lo,1,1,1,1,1,1,1,# from imap_lo_l1b_goodtimes_20251218-repoint00082_v001.0002.cdf repoint00082 pivot=90.096
2025352,503785144,503785996,0,59,Lo,1,1,1,1,1,1,1,# from imap_lo_l1b_goodtimes_20251218-repoint00082_v001.0002.cdf repoint00082 pivot=90.096
2025352,503789380,503834110,0,59,Lo,1,1,1,1,1,1,1,# from imap_lo_l1b_goodtimes_20251218-repoint00082_v001.0002.cdf repoint00082 pivot=90.096
2025353,503837237,503920521,0,59,Lo,1,1,1,1,1,1,1,# from imap_lo_l1b_goodtimes_20251219-repoint00083_v001.0001.cdf repoint00083 pivot=74.990
2025354,503923634,503964733,0,59,Lo,1,1,1,1,1,1,1,# from imap_lo_l1b_goodtimes_20251220-repoint00084_v001.0002.cdf repoint00084 pivot=90.096
2025354,503970661,503974054,0,59,Lo,1,1,1,1,1,1,1,# from imap_lo_l1b_goodtimes_20251220-repoint00084_v001.0002.cdf repoint00084 pivot=90.096
2025355,504012148,504093313,0,59,Lo,1,1,1,1,1,1,1,# from imap_lo_l1b_goodtimes_20251221-repoint00085_v001.0002.cdf repoint00085 pivot=104.944
2025356,504096439,504123560,0,59,Lo,1,1,1,1,1,1,1,# from imap_lo_l1b_goodtimes_20251222-repoint00086_v001.0002.cdf repoint00086 pivot=90.096
2025356,504129652,504179725,0,59,Lo,1,1,1,1,1,1,1,# from imap_lo_l1b_goodtimes_20251222-repoint00086_v001.0002.cdf repoint00086 pivot=90.096
2025357,504182836,504209533,0,59,Lo,1,1,1,1,1,1,1,# from imap_lo_l1b_goodtimes_20251223-repoint00087_v001.0001.cdf repoint00087 pivot=74.990
2025357,504232390,504266122,0,59,Lo,1,1,1,1,1,1,1,# from imap_lo_l1b_goodtimes_20251223-repoint00087_v001.0001.cdf repoint00087 pivot=74.990
2025358,504269234,504352519,0,59,Lo,1,1,1,1,1,1,1,# from imap_lo_l1b_goodtimes_20251224-repoint00088_v001.0001.cdf repoint00088 pivot=90.096
2025359,504355632,504438916,0,59,Lo,1,1,1,1,1,1,1,# from imap_lo_l1b_goodtimes_20251225-repoint00089_v001.0001.cdf repoint00089 pivot=104.944
2025360,504442028,504525314,0,59,Lo,1,1,1,1,1,1,1,# from imap_lo_l1b_goodtimes_20251226-repoint00090_v001.0002.cdf repoint00090 pivot=90.096
2025361,504528442,504611715,0,59,Lo,1,1,1,1,1,1,1,# from imap_lo_l1b_goodtimes_20251227-repoint00091_v001.0002.cdf repoint00091 pivot=74.990
2025362,504614842,504698114,0,59,Lo,1,1,1,1,1,1,1,# from imap_lo_l1b_goodtimes_20251228-repoint00092_v001.0002.cdf repoint00092 pivot=90.096
2025363,504701240,504711837,0,59,Lo,1,1,1,1,1,1,1,# from imap_lo_l1b_goodtimes_20251229-repoint00093_v001.0002.cdf repoint00093 pivot=104.944
2025363,504713528,504762254,0,59,Lo,1,1,1,1,1,1,1,# from imap_lo_l1b_goodtimes_20251229-repoint00093_v001.0002.cdf repoint00093 pivot=104.944
2025363,504764368,504784512,0,59,Lo,1,1,1,1,1,1,1,# from imap_lo_l1b_goodtimes_20251229-repoint00093_v001.0002.cdf repoint00093 pivot=104.944
2025364,504787640,504812642,0,59,Lo,1,1,1,1,1,1,1,# from imap_lo_l1b_goodtimes_20251230-repoint00094_v001.0002.cdf repoint00094 pivot=90.096
2025364,504813484,504813489,0,59,Lo,1,1,1,1,1,1,1,# from imap_lo_l1b_goodtimes_20251230-repoint00094_v001.0002.cdf repoint00094 pivot=90.096
2025364,504815603,504831284,0,59,Lo,1,1,1,1,1,1,1,# from imap_lo_l1b_goodtimes_20251230-repoint00094_v001.0002.cdf repoint00094 pivot=90.096
2025364,504835939,504837215,0,59,Lo,1,1,1,1,1,1,1,# from imap_lo_l1b_goodtimes_20251230-repoint00094_v001.0002.cdf repoint00094 pivot=90.096
2025364,504840600,504840605,0,59,Lo,1,1,1,1,1,1,1,# from imap_lo_l1b_goodtimes_20251230-repoint00094_v001.0002.cdf repoint00094 pivot=90.096
2025364,504841447,504841452,0,59,Lo,1,1,1,1,1,1,1,# from imap_lo_l1b_goodtimes_20251230-repoint00094_v001.0002.cdf repoint00094 pivot=90.096
2025364,504848650,504854162,0,59,Lo,1,1,1,1,1,1,1,# from imap_lo_l1b_goodtimes_20251230-repoint00094_v001.0002.cdf repoint00094 pivot=90.096
2025364,504855004,504870912,0,59,Lo,1,1,1,1,1,1,1,# from imap_lo_l1b_goodtimes_20251230-repoint00094_v001.0002.cdf repoint00094 pivot=90.096
2025365,504874041,504888026,0,59,Lo,1,1,1,1,1,1,1,# from imap_lo_l1b_goodtimes_20251231-repoint00095_v001.0002.cdf repoint00095 pivot=74.990
2025365,504888869,504888874,0,59,Lo,1,1,1,1,1,1,1,# from imap_lo_l1b_goodtimes_20251231-repoint00095_v001.0002.cdf repoint00095 pivot=74.990
2025365,504889716,504889721,0,59,Lo,1,1,1,1,1,1,1,# from imap_lo_l1b_goodtimes_20251231-repoint00095_v001.0002.cdf repoint00095 pivot=74.990
2025365,504891411,504891416,0,59,Lo,1,1,1,1,1,1,1,# from imap_lo_l1b_goodtimes_20251231-repoint00095_v001.0002.cdf repoint00095 pivot=74.990
2025365,504892258,504922345,0,59,Lo,1,1,1,1,1,1,1,# from imap_lo_l1b_goodtimes_20251231-repoint00095_v001.0002.cdf repoint00095 pivot=74.990
2025365,504924035,504932091,0,59,Lo,1,1,1,1,1,1,1,# from imap_lo_l1b_goodtimes_20251231-repoint00095_v001.0002.cdf repoint00095 pivot=74.990
2025365,504935898,504935903,0,59,Lo,1,1,1,1,1,1,1,# from imap_lo_l1b_goodtimes_20251231-repoint00095_v001.0002.cdf repoint00095 pivot=74.990
2025365,504937593,504938021,0,59,Lo,1,1,1,1,1,1,1,# from imap_lo_l1b_goodtimes_20251231-repoint00095_v001.0002.cdf repoint00095 pivot=74.990
2025365,504941406,504941411,0,59,Lo,1,1,1,1,1,1,1,# from imap_lo_l1b_goodtimes_20251231-repoint00095_v001.0002.cdf repoint00095 pivot=74.990
2025365,504942677,504943529,0,59,Lo,1,1,1,1,1,1,1,# from imap_lo_l1b_goodtimes_20251231-repoint00095_v001.0002.cdf repoint00095 pivot=74.990
2025365,504946490,504949461,0,59,Lo,1,1,1,1,1,1,1,# from imap_lo_l1b_goodtimes_20251231-repoint00095_v001.0002.cdf repoint00095 pivot=74.990
2025365,504950728,504957314,0,59,Lo,1,1,1,1,1,1,1,# from imap_lo_l1b_goodtimes_20251231-repoint00095_v001.0002.cdf repoint00095 pivot=74.990
2026001,504964678,505043715,0,59,Lo,1,1,1,1,1,1,1,# from imap_lo_l1b_goodtimes_20260101-repoint00096_v001.0002.cdf repoint00096 pivot=90.096
2026013,506030004,506038832,0,59,Lo,1,1,1,1,1,1,1,# from imap_lo_l1b_goodtimes_20260113-repoint00125_v001.0002.cdf repoint00125 pivot=74.990
2026013,506051011,506051016,0,59,Lo,1,1,1,1,1,1,1,# from imap_lo_l1b_goodtimes_20260113-repoint00125_v001.0002.cdf repoint00125 pivot=74.990
2026013,506053112,506056059,0,59,Lo,1,1,1,1,1,1,1,# from imap_lo_l1b_goodtimes_20260113-repoint00125_v001.0002.cdf repoint00125 pivot=74.990
2026013,506057315,506059419,0,59,Lo,1,1,1,1,1,1,1,# from imap_lo_l1b_goodtimes_20260113-repoint00125_v001.0002.cdf repoint00125 pivot=74.990
2026013,506060255,506080518,0,59,Lo,1,1,1,1,1,1,1,# from imap_lo_l1b_goodtimes_20260113-repoint00125_v001.0002.cdf repoint00125 pivot=74.990
2026014,506083634,506114731,0,59,Lo,1,1,1,1,1,1,1,# from imap_lo_l1b_goodtimes_20260114-repoint00126_v001.0004.cdf repoint00126 pivot=74.990
2026014,506115566,506120194,0,59,Lo,1,1,1,1,1,1,1,# from imap_lo_l1b_goodtimes_20260114-repoint00126_v001.0004.cdf repoint00126 pivot=74.990
2026014,506124390,506124815,0,59,Lo,1,1,1,1,1,1,1,# from imap_lo_l1b_goodtimes_20260114-repoint00126_v001.0004.cdf repoint00126 pivot=74.990
2026014,506142457,506145824,0,59,Lo,1,1,1,1,1,1,1,# from imap_lo_l1b_goodtimes_20260114-repoint00126_v001.0004.cdf repoint00126 pivot=74.990
2026014,506146659,506151286,0,59,Lo,1,1,1,1,1,1,1,# from imap_lo_l1b_goodtimes_20260114-repoint00126_v001.0004.cdf repoint00126 pivot=74.990
2026014,506157584,506164311,0,59,Lo,1,1,1,1,1,1,1,# from imap_lo_l1b_goodtimes_20260114-repoint00126_v001.0004.cdf repoint00126 pivot=74.990
2026015,506170039,506182649,0,59,Lo,1,1,1,1,1,1,1,# from imap_lo_l1b_goodtimes_20260115-repoint00127_v001.0002.cdf repoint00127 pivot=74.990
2026015,506186425,506186430,0,59,Lo,1,1,1,1,1,1,1,# from imap_lo_l1b_goodtimes_20260115-repoint00127_v001.0002.cdf repoint00127 pivot=74.990
2026015,506196929,506197775,0,59,Lo,1,1,1,1,1,1,1,# from imap_lo_l1b_goodtimes_20260115-repoint00127_v001.0002.cdf repoint00127 pivot=74.990
2026015,506240628,506251136,0,59,Lo,1,1,1,1,1,1,1,# from imap_lo_l1b_goodtimes_20260115-repoint00127_v001.0002.cdf repoint00127 pivot=74.990
2026016,506258949,506261056,0,59,Lo,1,1,1,1,1,1,1,# from imap_lo_l1b_goodtimes_20260116-repoint00128_v001.0004.cdf repoint00128 pivot=90.096
2026016,506265672,506265677,0,59,Lo,1,1,1,1,1,1,1,# from imap_lo_l1b_goodtimes_20260116-repoint00128_v001.0004.cdf repoint00128 pivot=90.096
2026016,506267353,506269039,0,59,Lo,1,1,1,1,1,1,1,# from imap_lo_l1b_goodtimes_20260116-repoint00128_v001.0004.cdf repoint00128 pivot=90.096
2026016,506270294,506277443,0,59,Lo,1,1,1,1,1,1,1,# from imap_lo_l1b_goodtimes_20260116-repoint00128_v001.0004.cdf repoint00128 pivot=90.096
2026016,506312266,506312691,0,59,Lo,1,1,1,1,1,1,1,# from imap_lo_l1b_goodtimes_20260116-repoint00128_v001.0004.cdf repoint00128 pivot=90.096
2026016,506316048,506339717,0,59,Lo,1,1,1,1,1,1,1,# from imap_lo_l1b_goodtimes_20260116-repoint00128_v001.0004.cdf repoint00128 pivot=90.096
2026017,506342833,506426121,0,59,Lo,1,1,1,1,1,1,1,# from imap_lo_l1b_goodtimes_20260117-repoint00129_v001.0004.cdf repoint00129 pivot=90.096
2026018,506429239,506512511,0,59,Lo,1,1,1,1,1,1,1,# from imap_lo_l1b_goodtimes_20260118-repoint00130_v001.0004.cdf repoint00130 pivot=90.096
2026019,506515628,506523196,0,59,Lo,1,1,1,1,1,1,1,# from imap_lo_l1b_goodtimes_20260119-repoint00131_v001.0004.cdf repoint00131 pivot=90.096
2026019,506531174,506531179,0,59,Lo,1,1,1,1,1,1,1,# from imap_lo_l1b_goodtimes_20260119-repoint00131_v001.0004.cdf repoint00131 pivot=90.096
2026019,506532015,506532020,0,59,Lo,1,1,1,1,1,1,1,# from imap_lo_l1b_goodtimes_20260119-repoint00131_v001.0004.cdf repoint00131 pivot=90.096
2026019,506565209,506598917,0,59,Lo,1,1,1,1,1,1,1,# from imap_lo_l1b_goodtimes_20260119-repoint00131_v001.0004.cdf repoint00131 pivot=90.096
2026020,506602034,506685322,0,59,Lo,1,1,1,1,1,1,1,# from imap_lo_l1b_goodtimes_20260120-repoint00132_v001.0004.cdf repoint00132 pivot=90.096
2026021,506688438,506726261,0,59,Lo,1,1,1,1,1,1,1,# from imap_lo_l1b_goodtimes_20260121-repoint00133_v001.0004.cdf repoint00133 pivot=90.096
2026021,506734899,506771714,0,59,Lo,1,1,1,1,1,1,1,# from imap_lo_l1b_goodtimes_20260121-repoint00133_v001.0004.cdf repoint00133 pivot=90.096
2026022,506774829,506799205,0,59,Lo,1,1,1,1,1,1,1,# from imap_lo_l1b_goodtimes_20260122-repoint00134_v001.0004.cdf repoint00134 pivot=90.096
2026022,506801301,506807188,0,59,Lo,1,1,1,1,1,1,1,# from imap_lo_l1b_goodtimes_20260122-repoint00134_v001.0004.cdf repoint00134 pivot=90.096
2026022,506810545,506834500,0,59,Lo,1,1,1,1,1,1,1,# from imap_lo_l1b_goodtimes_20260122-repoint00134_v001.0004.cdf repoint00134 pivot=90.096
2026022,506839117,506839122,0,59,Lo,1,1,1,1,1,1,1,# from imap_lo_l1b_goodtimes_20260122-repoint00134_v001.0004.cdf repoint00134 pivot=90.096
2026022,506839958,506839963,0,59,Lo,1,1,1,1,1,1,1,# from imap_lo_l1b_goodtimes_20260122-repoint00134_v001.0004.cdf repoint00134 pivot=90.096
2026022,506846680,506858120,0,59,Lo,1,1,1,1,1,1,1,# from imap_lo_l1b_goodtimes_20260122-repoint00134_v001.0004.cdf repoint00134 pivot=90.096
2026023,506861236,506944526,0,59,Lo,1,1,1,1,1,1,1,# from imap_lo_l1b_goodtimes_20260123-repoint00135_v001.0004.cdf repoint00135 pivot=90.096
2026024,506947627,506972003,0,59,Lo,1,1,1,1,1,1,1,# from imap_lo_l1b_goodtimes_20260124-repoint00136_v001.0004.cdf repoint00136 pivot=90.096
2026024,506986200,507030915,0,59,Lo,1,1,1,1,1,1,1,# from imap_lo_l1b_goodtimes_20260124-repoint00136_v001.0004.cdf repoint00136 pivot=90.096
2026025,507034032,507117322,0,59,Lo,1,1,1,1,1,1,1,# from imap_lo_l1b_goodtimes_20260125-repoint00137_v001.0004.cdf repoint00137 pivot=90.096
2026026,507120438,507203713,0,59,Lo,1,1,1,1,1,1,1,# from imap_lo_l1b_goodtimes_20260126-repoint00138_v001.0004.cdf repoint00138 pivot=90.096
2026027,507206829,507223135,0,59,Lo,1,1,1,1,1,1,1,# from imap_lo_l1b_goodtimes_20260127-repoint00139_v001.0004.cdf repoint00139 pivot=90.096
2026027,507226056,507285833,0,59,Lo,1,1,1,1,1,1,1,# from imap_lo_l1b_goodtimes_20260127-repoint00139_v001.0004.cdf repoint00139 pivot=90.096
2026028,507322912,507325842,0,59,Lo,1,1,1,1,1,1,1,# from imap_lo_l1b_goodtimes_20260128-repoint00140_v001.0004.cdf repoint00140 pivot=90.096
2026028,507326673,507330858,0,59,Lo,1,1,1,1,1,1,1,# from imap_lo_l1b_goodtimes_20260128-repoint00140_v001.0004.cdf repoint00140 pivot=90.096
2026028,507337542,507376526,0,59,Lo,1,1,1,1,1,1,1,# from imap_lo_l1b_goodtimes_20260128-repoint00140_v001.0004.cdf repoint00140 pivot=90.096
2026029,507379625,507396769,0,59,Lo,1,1,1,1,1,1,1,# from imap_lo_l1b_goodtimes_20260129-repoint00141_v001.0004.cdf repoint00141 pivot=90.096
2026029,507406333,507462918,0,59,Lo,1,1,1,1,1,1,1,# from imap_lo_l1b_goodtimes_20260129-repoint00141_v001.0004.cdf repoint00141 pivot=90.096
2026030,507466332,507549313,0,59,Lo,1,1,1,1,1,1,1,# from imap_lo_l1b_goodtimes_20260130-repoint00142_v001.0004.cdf repoint00142 pivot=90.096
2026031,507552727,507635723,0,59,Lo,1,1,1,1,1,1,1,# from imap_lo_l1b_goodtimes_20260131-repoint00143_v001.0004.cdf repoint00143 pivot=90.096
2026032,507638928,507722119,0,59,Lo,1,1,1,1,1,1,1,# from imap_lo_l1b_goodtimes_20260201-repoint00144_v001.0004.cdf repoint00144 pivot=90.096
2026033,507725323,507808515,0,59,Lo,1,1,1,1,1,1,1,# from imap_lo_l1b_goodtimes_20260202-repoint00145_v001.0004.cdf repoint00145 pivot=74.990
2026034,507811720,507894926,0,59,Lo,1,1,1,1,1,1,1,# from imap_lo_l1b_goodtimes_20260203-repoint00146_v001.0004.cdf repoint00146 pivot=90.096
2026035,507898131,507909423,0,59,Lo,1,1,1,1,1,1,1,# from imap_lo_l1b_goodtimes_20260204-repoint00147_v001.0004.cdf repoint00147 pivot=104.944
2026035,507955402,507981323,0,59,Lo,1,1,1,1,1,1,1,# from imap_lo_l1b_goodtimes_20260204-repoint00147_v001.0004.cdf repoint00147 pivot=104.944
2026036,507994978,508010451,0,59,Lo,1,1,1,1,1,1,1,# from imap_lo_l1b_goodtimes_20260205-repoint00148_v001.0004.cdf repoint00148 pivot=90.096
2026036,508017552,508067721,0,59,Lo,1,1,1,1,1,1,1,# from imap_lo_l1b_goodtimes_20260205-repoint00148_v001.0004.cdf repoint00148 pivot=90.096
2026037,508070925,508154119,0,59,Lo,1,1,1,1,1,1,1,# from imap_lo_l1b_goodtimes_20260206-repoint00149_v001.0004.cdf repoint00149 pivot=74.990
2026038,508157325,508240517,0,59,Lo,1,1,1,1,1,1,1,# from imap_lo_l1b_goodtimes_20260207-repoint00150_v001.0002.cdf repoint00150 pivot=90.096
2026039,508243722,508257105,0,59,Lo,1,1,1,1,1,1,1,# from imap_lo_l1b_goodtimes_20260208-repoint00151_v001.0004.cdf repoint00151 pivot=104.944
2026039,508259191,508259196,0,59,Lo,1,1,1,1,1,1,1,# from imap_lo_l1b_goodtimes_20260208-repoint00151_v001.0004.cdf repoint00151 pivot=104.944
2026039,508262534,508268391,0,59,Lo,1,1,1,1,1,1,1,# from imap_lo_l1b_goodtimes_20260208-repoint00151_v001.0004.cdf repoint00151 pivot=104.944
2026039,508280042,508280047,0,59,Lo,1,1,1,1,1,1,1,# from imap_lo_l1b_goodtimes_20260208-repoint00151_v001.0004.cdf repoint00151 pivot=104.944
2026039,508281008,508326915,0,59,Lo,1,1,1,1,1,1,1,# from imap_lo_l1b_goodtimes_20260208-repoint00151_v001.0004.cdf repoint00151 pivot=104.944
2026040,508330125,508413320,0,59,Lo,1,1,1,1,1,1,1,# from imap_lo_l1b_goodtimes_20260209-repoint00152_v001.0004.cdf repoint00152 pivot=90.096
2026041,508416530,508449044,0,59,Lo,1,1,1,1,1,1,1,# from imap_lo_l1b_goodtimes_20260210-repoint00153_v001.0004.cdf repoint00153 pivot=74.990
2026041,508453623,508453628,0,59,Lo,1,1,1,1,1,1,1,# from imap_lo_l1b_goodtimes_20260210-repoint00153_v001.0004.cdf repoint00153 pivot=74.990
2026041,508454874,508456129,0,59,Lo,1,1,1,1,1,1,1,# from imap_lo_l1b_goodtimes_20260210-repoint00153_v001.0004.cdf repoint00153 pivot=74.990
2026041,508456957,508499726,0,59,Lo,1,1,1,1,1,1,1,# from imap_lo_l1b_goodtimes_20260210-repoint00153_v001.0004.cdf repoint00153 pivot=74.990
2026042,508502922,508586117,0,59,Lo,1,1,1,1,1,1,1,# from imap_lo_l1b_goodtimes_20260211-repoint00154_v001.0004.cdf repoint00154 pivot=90.096
2026043,508589327,508672523,0,59,Lo,1,1,1,1,1,1,1,# from imap_lo_l1b_goodtimes_20260212-repoint00155_v001.0004.cdf repoint00155 pivot=104.944
2026044,508675718,508706981,0,59,Lo,1,1,1,1,1,1,1,# from imap_lo_l1b_goodtimes_20260213-repoint00156_v001.0004.cdf repoint00156 pivot=90.096
2026044,508707810,508709899,0,59,Lo,1,1,1,1,1,1,1,# from imap_lo_l1b_goodtimes_20260213-repoint00156_v001.0004.cdf repoint00156 pivot=90.096
2026044,508715729,508715734,0,59,Lo,1,1,1,1,1,1,1,# from imap_lo_l1b_goodtimes_20260213-repoint00156_v001.0004.cdf repoint00156 pivot=90.096
2026044,508716980,508717818,0,59,Lo,1,1,1,1,1,1,1,# from imap_lo_l1b_goodtimes_20260213-repoint00156_v001.0004.cdf repoint00156 pivot=90.096
2026044,508730732,508734488,0,59,Lo,1,1,1,1,1,1,1,# from imap_lo_l1b_goodtimes_20260213-repoint00156_v001.0004.cdf repoint00156 pivot=90.096
2026044,508735318,508735323,0,59,Lo,1,1,1,1,1,1,1,# from imap_lo_l1b_goodtimes_20260213-repoint00156_v001.0004.cdf repoint00156 pivot=90.096
2026044,508740318,508740323,0,59,Lo,1,1,1,1,1,1,1,# from imap_lo_l1b_goodtimes_20260213-repoint00156_v001.0004.cdf repoint00156 pivot=90.096
2026044,508741152,508749492,0,59,Lo,1,1,1,1,1,1,1,# from imap_lo_l1b_goodtimes_20260213-repoint00156_v001.0004.cdf repoint00156 pivot=90.096
2026044,508756989,508756994,0,59,Lo,1,1,1,1,1,1,1,# from imap_lo_l1b_goodtimes_20260213-repoint00156_v001.0004.cdf repoint00156 pivot=90.096
2026044,508757823,508758914,0,59,Lo,1,1,1,1,1,1,1,# from imap_lo_l1b_goodtimes_20260213-repoint00156_v001.0004.cdf repoint00156 pivot=90.096
2026046,508848519,508872280,0,59,Lo,1,1,1,1,1,1,1,# from imap_lo_l1b_goodtimes_20260215-repoint00158_v001.0004.cdf repoint00158 pivot=90.096
2026046,508879360,508879365,0,59,Lo,1,1,1,1,1,1,1,# from imap_lo_l1b_goodtimes_20260215-repoint00158_v001.0004.cdf repoint00158 pivot=90.096
2026046,508880611,508881032,0,59,Lo,1,1,1,1,1,1,1,# from imap_lo_l1b_goodtimes_20260215-repoint00158_v001.0004.cdf repoint00158 pivot=90.096
2026046,508882694,508931716,0,59,Lo,1,1,1,1,1,1,1,# from imap_lo_l1b_goodtimes_20260215-repoint00158_v001.0004.cdf repoint00158 pivot=90.096
2026047,508934926,509018124,0,59,Lo,1,1,1,1,1,1,1,# from imap_lo_l1b_goodtimes_20260216-repoint00159_v001.0004.cdf repoint00159 pivot=104.944
2026048,509021319,509104517,0,59,Lo,1,1,1,1,1,1,1,# from imap_lo_l1b_goodtimes_20260217-repoint00160_v001.0004.cdf repoint00160 pivot=90.096
2026049,509107728,509190928,0,59,Lo,1,1,1,1,1,1,1,# from imap_lo_l1b_goodtimes_20260218-repoint00161_v001.0004.cdf repoint00161 pivot=74.990
2026050,509194123,509277322,0,59,Lo,1,1,1,1,1,1,1,# from imap_lo_l1b_goodtimes_20260219-repoint00162_v001.0004.cdf repoint00162 pivot=90.096
2026051,509280518,509293026,0,59,Lo,1,1,1,1,1,1,1,# from imap_lo_l1b_goodtimes_20260220-repoint00163_v001.0004.cdf repoint00163 pivot=104.944
2026051,509294272,509324287,0,59,Lo,1,1,1,1,1,1,1,# from imap_lo_l1b_goodtimes_20260220-repoint00163_v001.0004.cdf repoint00163 pivot=104.944
2026051,509325114,509363717,0,59,Lo,1,1,1,1,1,1,1,# from imap_lo_l1b_goodtimes_20260220-repoint00163_v001.0004.cdf repoint00163 pivot=104.944
2026052,509366927,509402777,0,59,Lo,1,1,1,1,1,1,1,# from imap_lo_l1b_goodtimes_20260221-repoint00164_v001.0004.cdf repoint00164 pivot=90.096
2026053,509468745,509468750,0,59,Lo,1,1,1,1,1,1,1,# from imap_lo_l1b_goodtimes_20260222-repoint00165_v001.0004.cdf repoint00165 pivot=74.990
2026053,509470412,509472501,0,59,Lo,1,1,1,1,1,1,1,# from imap_lo_l1b_goodtimes_20260222-repoint00165_v001.0004.cdf repoint00165 pivot=74.990
2026053,509474163,509536525,0,59,Lo,1,1,1,1,1,1,1,# from imap_lo_l1b_goodtimes_20260222-repoint00165_v001.0004.cdf repoint00165 pivot=74.990
2026054,509539720,509622921,0,59,Lo,1,1,1,1,1,1,1,# from imap_lo_l1b_goodtimes_20260223-repoint00166_v001.0004.cdf repoint00166 pivot=90.096
2026055,509626116,509709317,0,59,Lo,1,1,1,1,1,1,1,# from imap_lo_l1b_goodtimes_20260224-repoint00167_v001.0004.cdf repoint00167 pivot=104.944
2026056,509712528,509795714,0,59,Lo,1,1,1,1,1,1,1,# from imap_lo_l1b_goodtimes_20260225-repoint00168_v001.0004.cdf repoint00168 pivot=90.096
2026057,509798926,509882128,0,59,Lo,1,1,1,1,1,1,1,# from imap_lo_l1b_goodtimes_20260226-repoint00169_v001.0004.cdf repoint00169 pivot=74.990
2026058,509885324,509968526,0,59,Lo,1,1,1,1,1,1,1,# from imap_lo_l1b_goodtimes_20260227-repoint00170_v001.0004.cdf repoint00170 pivot=90.096
2026059,509971722,510054925,0,59,Lo,1,1,1,1,1,1,1,# from imap_lo_l1b_goodtimes_20260228-repoint00171_v001.0004.cdf repoint00171 pivot=104.944
2026060,510058121,510141324,0,59,Lo,1,1,1,1,1,1,1,# from imap_lo_l1b_goodtimes_20260301-repoint00172_v001.0004.cdf repoint00172 pivot=90.096
2026061,510144519,510203712,0,59,Lo,1,1,1,1,1,1,1,# from imap_lo_l1b_goodtimes_20260302-repoint00173_v001.0004.cdf repoint00173 pivot=74.990
2026061,510225383,510226220,0,59,Lo,1,1,1,1,1,1,1,# from imap_lo_l1b_goodtimes_20260302-repoint00173_v001.0004.cdf repoint00173 pivot=74.990
2026062,510296360,510296365,0,59,Lo,1,1,1,1,1,1,1,# from imap_lo_l1b_goodtimes_20260303-repoint00174_v001.0004.cdf repoint00174 pivot=90.096
2026062,510308031,510309286,0,59,Lo,1,1,1,1,1,1,1,# from imap_lo_l1b_goodtimes_20260303-repoint00174_v001.0004.cdf repoint00174 pivot=90.096
2026063,510317320,510400525,0,59,Lo,1,1,1,1,1,1,1,# from imap_lo_l1b_goodtimes_20260304-repoint00175_v001.0004.cdf repoint00175 pivot=104.944
2026078,511634878,511671982,0,59,Lo,1,1,1,1,1,1,1,# from imap_lo_l1b_goodtimes_20260319-repoint00190_v001.0004.cdf repoint00190 pivot=90.096
2026078,511676563,511696517,0,59,Lo,1,1,1,1,1,1,1,# from imap_lo_l1b_goodtimes_20260319-repoint00190_v001.0004.cdf repoint00190 pivot=90.096
2026079,511699728,511735166,0,59,Lo,1,1,1,1,1,1,1,# from imap_lo_l1b_goodtimes_20260320-repoint00191_v001.0004.cdf repoint00191 pivot=104.944
2026079,511772261,511773099,0,59,Lo,1,1,1,1,1,1,1,# from imap_lo_l1b_goodtimes_20260320-repoint00191_v001.0004.cdf repoint00191 pivot=104.944
2026079,511776012,511782924,0,59,Lo,1,1,1,1,1,1,1,# from imap_lo_l1b_goodtimes_20260320-repoint00191_v001.0004.cdf repoint00191 pivot=104.944
2026080,511793624,511812804,0,59,Lo,1,1,1,1,1,1,1,# from imap_lo_l1b_goodtimes_20260321-repoint00192_v001.0004.cdf repoint00192 pivot=90.096
2026080,511828223,511829897,0,59,Lo,1,1,1,1,1,1,1,# from imap_lo_l1b_goodtimes_20260321-repoint00192_v001.0004.cdf repoint00192 pivot=90.096
2026080,511830724,511831563,0,59,Lo,1,1,1,1,1,1,1,# from imap_lo_l1b_goodtimes_20260321-repoint00192_v001.0004.cdf repoint00192 pivot=90.096
2026080,511837811,511866579,0,59,Lo,1,1,1,1,1,1,1,# from imap_lo_l1b_goodtimes_20260321-repoint00192_v001.0004.cdf repoint00192 pivot=90.096
2026081,511910464,511955728,0,59,Lo,1,1,1,1,1,1,1,# from imap_lo_l1b_goodtimes_20260322-repoint00193_v001.0004.cdf repoint00193 pivot=74.990
2026082,511958924,512042123,0,59,Lo,1,1,1,1,1,1,1,# from imap_lo_l1b_goodtimes_20260323-repoint00194_v001.0004.cdf repoint00194 pivot=90.096
2026083,512045320,512128518,0,59,Lo,1,1,1,1,1,1,1,# from imap_lo_l1b_goodtimes_20260324-repoint00195_v001.0004.cdf repoint00195 pivot=104.944
2026084,512131729,512138404,0,59,Lo,1,1,1,1,1,1,1,# from imap_lo_l1b_goodtimes_20260325-repoint00196_v001.0004.cdf repoint00196 pivot=90.096
2026084,512139649,512140071,0,59,Lo,1,1,1,1,1,1,1,# from imap_lo_l1b_goodtimes_20260325-repoint00196_v001.0004.cdf repoint00196 pivot=90.096
2026084,512141317,512141322,0,59,Lo,1,1,1,1,1,1,1,# from imap_lo_l1b_goodtimes_20260325-repoint00196_v001.0004.cdf repoint00196 pivot=90.096
2026084,512145068,512145073,0,59,Lo,1,1,1,1,1,1,1,# from imap_lo_l1b_goodtimes_20260325-repoint00196_v001.0004.cdf repoint00196 pivot=90.096
2026084,512145902,512149659,0,59,Lo,1,1,1,1,1,1,1,# from imap_lo_l1b_goodtimes_20260325-repoint00196_v001.0004.cdf repoint00196 pivot=90.096
2026084,512165912,512166335,0,59,Lo,1,1,1,1,1,1,1,# from imap_lo_l1b_goodtimes_20260325-repoint00196_v001.0004.cdf repoint00196 pivot=90.096
2026084,512170498,512176340,0,59,Lo,1,1,1,1,1,1,1,# from imap_lo_l1b_goodtimes_20260325-repoint00196_v001.0004.cdf repoint00196 pivot=90.096
2026084,512177167,512182175,0,59,Lo,1,1,1,1,1,1,1,# from imap_lo_l1b_goodtimes_20260325-repoint00196_v001.0004.cdf repoint00196 pivot=90.096
2026084,512183004,512189678,0,59,Lo,1,1,1,1,1,1,1,# from imap_lo_l1b_goodtimes_20260325-repoint00196_v001.0004.cdf repoint00196 pivot=90.096
2026084,512190507,512193430,0,59,Lo,1,1,1,1,1,1,1,# from imap_lo_l1b_goodtimes_20260325-repoint00196_v001.0004.cdf repoint00196 pivot=90.096
2026084,512195093,512208438,0,59,Lo,1,1,1,1,1,1,1,# from imap_lo_l1b_goodtimes_20260325-repoint00196_v001.0004.cdf repoint00196 pivot=90.096
2026084,512209266,512214929,0,59,Lo,1,1,1,1,1,1,1,# from imap_lo_l1b_goodtimes_20260325-repoint00196_v001.0004.cdf repoint00196 pivot=90.096
2026085,512218125,512301327,0,59,Lo,1,1,1,1,1,1,1,# from imap_lo_l1b_goodtimes_20260326-repoint00197_v001.0004.cdf repoint00197 pivot=74.990
2026086,512304522,512387722,0,59,Lo,1,1,1,1,1,1,1,# from imap_lo_l1b_goodtimes_20260327-repoint00198_v001.0004.cdf repoint00198 pivot=90.096
2026087,512390918,512474119,0,59,Lo,1,1,1,1,1,1,1,# from imap_lo_l1b_goodtimes_20260328-repoint00199_v001.0005.cdf repoint00199 pivot=104.944
2026088,512477330,512500263,0,59,Lo,1,1,1,1,1,1,1,# from imap_lo_l1b_goodtimes_20260329-repoint00200_v001.0004.cdf repoint00200 pivot=90.096
2026088,512526104,512531112,0,59,Lo,1,1,1,1,1,1,1,# from imap_lo_l1b_goodtimes_20260329-repoint00200_v001.0004.cdf repoint00200 pivot=90.096
2026088,512532774,512536114,0,59,Lo,1,1,1,1,1,1,1,# from imap_lo_l1b_goodtimes_20260329-repoint00200_v001.0004.cdf repoint00200 pivot=90.096
2026088,512538195,512539032,0,59,Lo,1,1,1,1,1,1,1,# from imap_lo_l1b_goodtimes_20260329-repoint00200_v001.0004.cdf repoint00200 pivot=90.096
2026088,512540696,512553206,0,59,Lo,1,1,1,1,1,1,1,# from imap_lo_l1b_goodtimes_20260329-repoint00200_v001.0004.cdf repoint00200 pivot=90.096
2026088,512554035,512560517,0,59,Lo,1,1,1,1,1,1,1,# from imap_lo_l1b_goodtimes_20260329-repoint00200_v001.0004.cdf repoint00200 pivot=90.096
2026089,512567897,512646930,0,59,Lo,1,1,1,1,1,1,1,# from imap_lo_l1b_goodtimes_20260330-repoint00201_v001.0004.cdf repoint00201 pivot=74.990
2026090,512650127,512733328,0,59,Lo,1,1,1,1,1,1,1,# from imap_lo_l1b_goodtimes_20260331-repoint00202_v001.0004.cdf repoint00202 pivot=90.096
2026092,512848354,512853778,0,59,Lo,1,1,1,1,1,1,1,# from imap_lo_l1b_goodtimes_20260402-repoint00204_v001.0004.cdf repoint00204 pivot=90.096
2026092,512854607,512906127,0,59,Lo,1,1,1,1,1,1,1,# from imap_lo_l1b_goodtimes_20260402-repoint00204_v001.0004.cdf repoint00204 pivot=90.096
2026093,512909323,512923085,0,59,Lo,1,1,1,1,1,1,1,# from imap_lo_l1b_goodtimes_20260403-repoint00205_v001.0004.cdf repoint00205 pivot=74.990
2026094,512997808,512997813,0,59,Lo,1,1,1,1,1,1,1,# from imap_lo_l1b_goodtimes_20260404-repoint00206_v001.0004.cdf repoint00206 pivot=90.096
2026094,512998642,513006152,0,59,Lo,1,1,1,1,1,1,1,# from imap_lo_l1b_goodtimes_20260404-repoint00206_v001.0004.cdf repoint00206 pivot=90.096
2026094,513006980,513011154,0,59,Lo,1,1,1,1,1,1,1,# from imap_lo_l1b_goodtimes_20260404-repoint00206_v001.0004.cdf repoint00206 pivot=90.096
2026094,513012400,513028665,0,59,Lo,1,1,1,1,1,1,1,# from imap_lo_l1b_goodtimes_20260404-repoint00206_v001.0004.cdf repoint00206 pivot=90.096
2026094,513029909,513078928,0,59,Lo,1,1,1,1,1,1,1,# from imap_lo_l1b_goodtimes_20260404-repoint00206_v001.0004.cdf repoint00206 pivot=90.096
2026095,513082124,513165328,0,59,Lo,1,1,1,1,1,1,1,# from imap_lo_l1b_goodtimes_20260405-repoint00207_v001.0004.cdf repoint00207 pivot=104.944
2026096,513168524,513251729,0,59,Lo,1,1,1,1,1,1,1,# from imap_lo_l1b_goodtimes_20260406-repoint00208_v001.0004.cdf repoint00208 pivot=90.096
2026097,513254926,513279618,0,59,Lo,1,1,1,1,1,1,1,# from imap_lo_l1b_goodtimes_20260407-repoint00209_v001.0004.cdf repoint00209 pivot=74.990
2026097,513298208,513338118,0,59,Lo,1,1,1,1,1,1,1,# from imap_lo_l1b_goodtimes_20260407-repoint00211_v001.0003.cdf repoint00211 pivot=74.990
2026098,513341334,513424519,0,59,Lo,1,1,1,1,1,1,1,# from imap_lo_l1b_goodtimes_20260408-repoint00212_v001.0004.cdf repoint00212 pivot=90.096
2026099,513427720,513468410,0,59,Lo,1,1,1,1,1,1,1,# from imap_lo_l1b_goodtimes_20260409-repoint00213_v001.0004.cdf repoint00213 pivot=104.944
2026099,513469663,513469668,0,59,Lo,1,1,1,1,1,1,1,# from imap_lo_l1b_goodtimes_20260409-repoint00213_v001.0004.cdf repoint00213 pivot=104.944
2026099,513471760,513471765,0,59,Lo,1,1,1,1,1,1,1,# from imap_lo_l1b_goodtimes_20260409-repoint00213_v001.0004.cdf repoint00213 pivot=104.944
2026099,513472599,513473862,0,59,Lo,1,1,1,1,1,1,1,# from imap_lo_l1b_goodtimes_20260409-repoint00213_v001.0004.cdf repoint00213 pivot=104.944
2026099,513475955,513479316,0,59,Lo,1,1,1,1,1,1,1,# from imap_lo_l1b_goodtimes_20260409-repoint00213_v001.0004.cdf repoint00213 pivot=104.944
2026099,513483505,513485187,0,59,Lo,1,1,1,1,1,1,1,# from imap_lo_l1b_goodtimes_20260409-repoint00213_v001.0004.cdf repoint00213 pivot=104.944
2026099,513488956,513489800,0,59,Lo,1,1,1,1,1,1,1,# from imap_lo_l1b_goodtimes_20260409-repoint00213_v001.0004.cdf repoint00213 pivot=104.944
2026099,513498184,513510922,0,59,Lo,1,1,1,1,1,1,1,# from imap_lo_l1b_goodtimes_20260409-repoint00213_v001.0004.cdf repoint00213 pivot=104.944
2026100,513527544,513527969,0,59,Lo,1,1,1,1,1,1,1,# from imap_lo_l1b_goodtimes_20260410-repoint00214_v001.0004.cdf repoint00214 pivot=90.096
2026100,513530900,513531325,0,59,Lo,1,1,1,1,1,1,1,# from imap_lo_l1b_goodtimes_20260410-repoint00214_v001.0004.cdf repoint00214 pivot=90.096
2026100,513532578,513535518,0,59,Lo,1,1,1,1,1,1,1,# from imap_lo_l1b_goodtimes_20260410-repoint00214_v001.0004.cdf repoint00214 pivot=90.096
2026100,513566132,513566977,0,59,Lo,1,1,1,1,1,1,1,# from imap_lo_l1b_goodtimes_20260410-repoint00214_v001.0004.cdf repoint00214 pivot=90.096
2026100,513585845,513590883,0,59,Lo,1,1,1,1,1,1,1,# from imap_lo_l1b_goodtimes_20260410-repoint00214_v001.0004.cdf repoint00214 pivot=90.096
2026100,513591717,513591722,0,59,Lo,1,1,1,1,1,1,1,# from imap_lo_l1b_goodtimes_20260410-repoint00214_v001.0004.cdf repoint00214 pivot=90.096
2026100,513593395,513597325,0,59,Lo,1,1,1,1,1,1,1,# from imap_lo_l1b_goodtimes_20260410-repoint00214_v001.0004.cdf repoint00214 pivot=90.096
2026101,513600526,513683730,0,59,Lo,1,1,1,1,1,1,1,# from imap_lo_l1b_goodtimes_20260411-repoint00215_v001.0004.cdf repoint00215 pivot=74.990
2026102,513686930,513770119,0,59,Lo,1,1,1,1,1,1,1,# from imap_lo_l1b_goodtimes_20260412-repoint00216_v001.0004.cdf repoint00216 pivot=90.096
2026103,513773321,513856523,0,59,Lo,1,1,1,1,1,1,1,# from imap_lo_l1b_goodtimes_20260413-repoint00217_v001.0004.cdf repoint00217 pivot=104.944
2026104,513859724,513942928,0,59,Lo,1,1,1,1,1,1,1,# from imap_lo_l1b_goodtimes_20260414-repoint00218_v001.0003.cdf repoint00218 pivot=90.096
2026105,513946129,514029320,0,59,Lo,1,1,1,1,1,1,1,# from imap_lo_l1b_goodtimes_20260415-repoint00219_v001.0003.cdf repoint00219 pivot=74.990
2026106,514032520,514115725,0,59,Lo,1,1,1,1,1,1,1,# from imap_lo_l1b_goodtimes_20260416-repoint00220_v001.0006.cdf repoint00220 pivot=90.096
2026107,514118926,514166748,0,59,Lo,1,1,1,1,1,1,1,# from imap_lo_l1b_goodtimes_20260417-repoint00221_v001.0006.cdf repoint00221 pivot=104.944
2026107,514167582,514173040,0,59,Lo,1,1,1,1,1,1,1,# from imap_lo_l1b_goodtimes_20260417-repoint00221_v001.0006.cdf repoint00221 pivot=104.944
2026107,514180165,514180170,0,59,Lo,1,1,1,1,1,1,1,# from imap_lo_l1b_goodtimes_20260417-repoint00221_v001.0006.cdf repoint00221 pivot=104.944
2026107,514181004,514181429,0,59,Lo,1,1,1,1,1,1,1,# from imap_lo_l1b_goodtimes_20260417-repoint00221_v001.0006.cdf repoint00221 pivot=104.944
2026107,514183521,514202131,0,59,Lo,1,1,1,1,1,1,1,# from imap_lo_l1b_goodtimes_20260417-repoint00221_v001.0006.cdf repoint00221 pivot=104.944
2026108,514205332,514208273,0,59,Lo,1,1,1,1,1,1,1,# from imap_lo_l1b_goodtimes_20260418-repoint00222_v001.0006.cdf repoint00222 pivot=90.096
2026108,514211205,514212469,0,59,Lo,1,1,1,1,1,1,1,# from imap_lo_l1b_goodtimes_20260418-repoint00222_v001.0006.cdf repoint00222 pivot=90.096
2026108,514213303,514213726,0,59,Lo,1,1,1,1,1,1,1,# from imap_lo_l1b_goodtimes_20260418-repoint00222_v001.0006.cdf repoint00222 pivot=90.096
2026108,514214981,514214986,0,59,Lo,1,1,1,1,1,1,1,# from imap_lo_l1b_goodtimes_20260418-repoint00222_v001.0006.cdf repoint00222 pivot=90.096
2026108,514215819,514225892,0,59,Lo,1,1,1,1,1,1,1,# from imap_lo_l1b_goodtimes_20260418-repoint00222_v001.0006.cdf repoint00222 pivot=90.096
2026108,514254408,514288523,0,59,Lo,1,1,1,1,1,1,1,# from imap_lo_l1b_goodtimes_20260418-repoint00222_v001.0006.cdf repoint00222 pivot=90.096
2026109,514291724,514304732,0,59,Lo,1,1,1,1,1,1,1,# from imap_lo_l1b_goodtimes_20260419-repoint00223_v001.0006.cdf repoint00223 pivot=74.990
2026109,514306825,514329900,0,59,Lo,1,1,1,1,1,1,1,# from imap_lo_l1b_goodtimes_20260419-repoint00223_v001.0006.cdf repoint00223 pivot=74.990
2026109,514333251,514363037,0,59,Lo,1,1,1,1,1,1,1,# from imap_lo_l1b_goodtimes_20260419-repoint00223_v001.0006.cdf repoint00223 pivot=74.990
2026109,514363871,514364296,0,59,Lo,1,1,1,1,1,1,1,# from imap_lo_l1b_goodtimes_20260419-repoint00223_v001.0006.cdf repoint00223 pivot=74.990
2026109,514366388,514366813,0,59,Lo,1,1,1,1,1,1,1,# from imap_lo_l1b_goodtimes_20260419-repoint00223_v001.0006.cdf repoint00223 pivot=74.990
2026109,514367646,514368071,0,59,Lo,1,1,1,1,1,1,1,# from imap_lo_l1b_goodtimes_20260419-repoint00223_v001.0006.cdf repoint00223 pivot=74.990
2026110,514378133,514395336,0,59,Lo,1,1,1,1,1,1,1,# from imap_lo_l1b_goodtimes_20260420-repoint00224_v001.0006.cdf repoint00224 pivot=90.096
2026110,514400080,514400385,0,59,Lo,1,1,1,1,1,1,1,# from imap_lo_l1b_goodtimes_20260420-repoint00224_v001.0006.cdf repoint00224 pivot=90.096
2026110,514401353,514402198,0,59,Lo,1,1,1,1,1,1,1,# from imap_lo_l1b_goodtimes_20260420-repoint00224_v001.0006.cdf repoint00224 pivot=90.096
2026110,514405548,514406392,0,59,Lo,1,1,1,1,1,1,1,# from imap_lo_l1b_goodtimes_20260420-repoint00224_v001.0006.cdf repoint00224 pivot=90.096
2026110,514410162,514410587,0,59,Lo,1,1,1,1,1,1,1,# from imap_lo_l1b_goodtimes_20260420-repoint00224_v001.0006.cdf repoint00224 pivot=90.096
2026110,514418971,514418976,0,59,Lo,1,1,1,1,1,1,1,# from imap_lo_l1b_goodtimes_20260420-repoint00224_v001.0006.cdf repoint00224 pivot=90.096
2026110,514419810,514419815,0,59,Lo,1,1,1,1,1,1,1,# from imap_lo_l1b_goodtimes_20260420-repoint00224_v001.0006.cdf repoint00224 pivot=90.096
2026110,514424004,514427365,0,59,Lo,1,1,1,1,1,1,1,# from imap_lo_l1b_goodtimes_20260420-repoint00224_v001.0006.cdf repoint00224 pivot=90.096
2026110,514430717,514461326,0,59,Lo,1,1,1,1,1,1,1,# from imap_lo_l1b_goodtimes_20260420-repoint00224_v001.0006.cdf repoint00224 pivot=90.096
2026111,514464528,514547719,0,59,Lo,1,1,1,1,1,1,1,# from imap_lo_l1b_goodtimes_20260421-repoint00225_v001.0006.cdf repoint00225 pivot=104.944
2026112,514550920,514634127,0,59,Lo,1,1,1,1,1,1,1,# from imap_lo_l1b_goodtimes_20260422-repoint00226_v001.0006.cdf repoint00226 pivot=90.096
2026113,514637329,514720523,0,59,Lo,1,1,1,1,1,1,1,# from imap_lo_l1b_goodtimes_20260423-repoint00227_v001.0006.cdf repoint00227 pivot=74.990
2026114,514723724,514792521,0,59,Lo,1,1,1,1,1,1,1,# from imap_lo_l1b_goodtimes_20260424-repoint00228_v001.0006.cdf repoint00228 pivot=90.096
2026114,514797969,514798813,0,59,Lo,1,1,1,1,1,1,1,# from imap_lo_l1b_goodtimes_20260424-repoint00228_v001.0006.cdf repoint00228 pivot=90.096
2026114,514799647,514800491,0,59,Lo,1,1,1,1,1,1,1,# from imap_lo_l1b_goodtimes_20260424-repoint00228_v001.0006.cdf repoint00228 pivot=90.096
2026114,514804261,514805105,0,59,Lo,1,1,1,1,1,1,1,# from imap_lo_l1b_goodtimes_20260424-repoint00228_v001.0006.cdf repoint00228 pivot=90.096
2026115,514810119,514858782,0,59,Lo,1,1,1,1,1,1,1,# from imap_lo_l1b_goodtimes_20260425-repoint00229_v001.0006.cdf repoint00229 pivot=104.944
2026115,514859616,514862557,0,59,Lo,1,1,1,1,1,1,1,# from imap_lo_l1b_goodtimes_20260425-repoint00229_v001.0006.cdf repoint00229 pivot=104.944
2026115,514871361,514893328,0,59,Lo,1,1,1,1,1,1,1,# from imap_lo_l1b_goodtimes_20260425-repoint00229_v001.0006.cdf repoint00229 pivot=104.944
2026116,514896529,514936384,0,59,Lo,1,1,1,1,1,1,1,# from imap_lo_l1b_goodtimes_20260426-repoint00230_v001.0006.cdf repoint00230 pivot=90.096
2026116,514937218,514937223,0,59,Lo,1,1,1,1,1,1,1,# from imap_lo_l1b_goodtimes_20260426-repoint00230_v001.0006.cdf repoint00230 pivot=90.096
2026116,514938895,514941417,0,59,Lo,1,1,1,1,1,1,1,# from imap_lo_l1b_goodtimes_20260426-repoint00230_v001.0006.cdf repoint00230 pivot=90.096
2026116,514944769,514947709,0,59,Lo,1,1,1,1,1,1,1,# from imap_lo_l1b_goodtimes_20260426-repoint00230_v001.0006.cdf repoint00230 pivot=90.096
2026116,514948543,514979724,0,59,Lo,1,1,1,1,1,1,1,# from imap_lo_l1b_goodtimes_20260426-repoint00230_v001.0006.cdf repoint00230 pivot=90.096
2026117,514982925,515066122,0,59,Lo,1,1,1,1,1,1,1,# from imap_lo_l1b_goodtimes_20260427-repoint00231_v001.0006.cdf repoint00231 pivot=74.990
2026118,515069323,515152519,0,59,Lo,1,1,1,1,1,1,1,# from imap_lo_l1b_goodtimes_20260428-repoint00232_v001.0006.cdf repoint00232 pivot=90.096
2026119,515155720,515238931,0,59,Lo,1,1,1,1,1,1,1,# from imap_lo_l1b_goodtimes_20260429-repoint00233_v001.0006.cdf repoint00233 pivot=104.944
2026120,515242117,515255546,0,59,Lo,1,1,1,1,1,1,1,# from imap_lo_l1b_goodtimes_20260430-repoint00234_v001.0006.cdf repoint00234 pivot=90.096
2026120,515315107,515325329,0,59,Lo,1,1,1,1,1,1,1,# from imap_lo_l1b_goodtimes_20260430-repoint00234_v001.0006.cdf repoint00234 pivot=90.096
2026121,515328530,515411729,0,59,Lo,1,1,1,1,1,1,1,# from imap_lo_l1b_goodtimes_20260501-repoint00235_v001.0006.cdf repoint00235 pivot=74.990
2026122,515414930,515498127,0,59,Lo,1,1,1,1,1,1,1,# from imap_lo_l1b_goodtimes_20260502-repoint00236_v001.0006.cdf repoint00236 pivot=90.096
2026123,515501329,515584526,0,59,Lo,1,1,1,1,1,1,1,# from imap_lo_l1b_goodtimes_20260503-repoint00237_v001.0006.cdf repoint00237 pivot=104.944
2026124,515587727,515589830,0,59,Lo,1,1,1,1,1,1,1,# from imap_lo_l1b_goodtimes_20260504-repoint00238_v001.0006.cdf repoint00238 pivot=90.096
2026124,515590664,515591088,0,59,Lo,1,1,1,1,1,1,1,# from imap_lo_l1b_goodtimes_20260504-repoint00238_v001.0006.cdf repoint00238 pivot=90.096
2026124,515591922,515592347,0,59,Lo,1,1,1,1,1,1,1,# from imap_lo_l1b_goodtimes_20260504-repoint00238_v001.0006.cdf repoint00238 pivot=90.096
2026124,515596956,515599059,0,59,Lo,1,1,1,1,1,1,1,# from imap_lo_l1b_goodtimes_20260504-repoint00238_v001.0006.cdf repoint00238 pivot=90.096
2026124,515602411,515617098,0,59,Lo,1,1,1,1,1,1,1,# from imap_lo_l1b_goodtimes_20260504-repoint00238_v001.0006.cdf repoint00238 pivot=90.096
2026124,515625901,515626327,0,59,Lo,1,1,1,1,1,1,1,# from imap_lo_l1b_goodtimes_20260504-repoint00238_v001.0006.cdf repoint00238 pivot=90.096
2026124,515632613,515670927,0,59,Lo,1,1,1,1,1,1,1,# from imap_lo_l1b_goodtimes_20260504-repoint00238_v001.0006.cdf repoint00238 pivot=90.096
2026125,515674127,515709790,0,59,Lo,1,1,1,1,1,1,1,# from imap_lo_l1b_goodtimes_20260505-repoint00239_v001.0006.cdf repoint00239 pivot=74.990
2026125,515713561,515713566,0,59,Lo,1,1,1,1,1,1,1,# from imap_lo_l1b_goodtimes_20260505-repoint00239_v001.0006.cdf repoint00239 pivot=74.990
2026125,515715238,515730765,0,59,Lo,1,1,1,1,1,1,1,# from imap_lo_l1b_goodtimes_20260505-repoint00239_v001.0006.cdf repoint00239 pivot=74.990
2026125,515737052,515740833,0,59,Lo,1,1,1,1,1,1,1,# from imap_lo_l1b_goodtimes_20260505-repoint00239_v001.0006.cdf repoint00239 pivot=74.990
2026126,515765143,515768085,0,59,Lo,1,1,1,1,1,1,1,# from imap_lo_l1b_goodtimes_20260506-repoint00240_v001.0006.cdf repoint00240 pivot=90.096
2026126,515768919,515769343,0,59,Lo,1,1,1,1,1,1,1,# from imap_lo_l1b_goodtimes_20260506-repoint00240_v001.0006.cdf repoint00240 pivot=90.096
2026126,515770177,515777315,0,59,Lo,1,1,1,1,1,1,1,# from imap_lo_l1b_goodtimes_20260506-repoint00240_v001.0006.cdf repoint00240 pivot=90.096
2026126,515778567,515784026,0,59,Lo,1,1,1,1,1,1,1,# from imap_lo_l1b_goodtimes_20260506-repoint00240_v001.0006.cdf repoint00240 pivot=90.096
2026126,515803317,515812132,0,59,Lo,1,1,1,1,1,1,1,# from imap_lo_l1b_goodtimes_20260506-repoint00240_v001.0006.cdf repoint00240 pivot=90.096
2026126,515812966,515816746,0,59,Lo,1,1,1,1,1,1,1,# from imap_lo_l1b_goodtimes_20260506-repoint00240_v001.0006.cdf repoint00240 pivot=90.096
2026126,515819258,515843729,0,59,Lo,1,1,1,1,1,1,1,# from imap_lo_l1b_goodtimes_20260506-repoint00240_v001.0006.cdf repoint00240 pivot=90.096
2026127,515846929,515860779,0,59,Lo,1,1,1,1,1,1,1,# from imap_lo_l1b_goodtimes_20260507-repoint00241_v001.0006.cdf repoint00241 pivot=104.944
2026127,515866047,515866471,0,59,Lo,1,1,1,1,1,1,1,# from imap_lo_l1b_goodtimes_20260507-repoint00241_v001.0006.cdf repoint00241 pivot=104.944
2026127,515872759,515884929,0,59,Lo,1,1,1,1,1,1,1,# from imap_lo_l1b_goodtimes_20260507-repoint00241_v001.0006.cdf repoint00241 pivot=104.944
2026127,515886602,515921845,0,59,Lo,1,1,1,1,1,1,1,# from imap_lo_l1b_goodtimes_20260507-repoint00241_v001.0006.cdf repoint00241 pivot=104.944
2026128,515945497,516016531,0,59,Lo,1,1,1,1,1,1,1,# from imap_lo_l1b_goodtimes_20260508-repoint00242_v001.0006.cdf repoint00242 pivot=90.096
2026129,516019717,516102919,0,59,Lo,1,1,1,1,1,1,1,# from imap_lo_l1b_goodtimes_20260509-repoint00243_v001.0006.cdf repoint00243 pivot=74.990
2026130,516106120,516189322,0,59,Lo,1,1,1,1,1,1,1,# from imap_lo_l1b_goodtimes_20260510-repoint00244_v001.0006.cdf repoint00244 pivot=90.096
2026131,516192523,516275724,0,59,Lo,1,1,1,1,1,1,1,# from imap_lo_l1b_goodtimes_20260511-repoint00245_v001.0006.cdf repoint00245 pivot=104.944
2026132,516278925,516359056,0,59,Lo,1,1,1,1,1,1,1,# from imap_lo_l1b_goodtimes_20260512-repoint00246_v001.0006.cdf repoint00246 pivot=90.096
2026132,516359890,516362128,0,59,Lo,1,1,1,1,1,1,1,# from imap_lo_l1b_goodtimes_20260512-repoint00246_v001.0006.cdf repoint00246 pivot=90.096
2026133,516381690,516448533,0,59,Lo,1,1,1,1,1,1,1,# from imap_lo_l1b_goodtimes_20260513-repoint00247_v001.0006.cdf repoint00247 pivot=74.990
2026134,516451719,516506681,0,59,Lo,1,1,1,1,1,1,1,# from imap_lo_l1b_goodtimes_20260514-repoint00248_v001.0006.cdf repoint00248 pivot=90.096
2026134,516509612,516510876,0,59,Lo,1,1,1,1,1,1,1,# from imap_lo_l1b_goodtimes_20260514-repoint00248_v001.0006.cdf repoint00248 pivot=90.096
2026134,516515905,516518427,0,59,Lo,1,1,1,1,1,1,1,# from imap_lo_l1b_goodtimes_20260514-repoint00248_v001.0006.cdf repoint00248 pivot=90.096
2026134,516527231,516532691,0,59,Lo,1,1,1,1,1,1,1,# from imap_lo_l1b_goodtimes_20260514-repoint00248_v001.0006.cdf repoint00248 pivot=90.096
2026135,516541899,516550295,0,59,Lo,1,1,1,1,1,1,1,# from imap_lo_l1b_goodtimes_20260515-repoint00249_v001.0006.cdf repoint00249 pivot=104.944
2026135,516564134,516571271,0,59,Lo,1,1,1,1,1,1,1,# from imap_lo_l1b_goodtimes_20260515-repoint00249_v001.0006.cdf repoint00249 pivot=104.944
2026135,516572105,516572110,0,59,Lo,1,1,1,1,1,1,1,# from imap_lo_l1b_goodtimes_20260515-repoint00249_v001.0006.cdf repoint00249 pivot=104.944
2026135,516575461,516575885,0,59,Lo,1,1,1,1,1,1,1,# from imap_lo_l1b_goodtimes_20260515-repoint00249_v001.0006.cdf repoint00249 pivot=104.944
2026135,516577979,516581339,0,59,Lo,1,1,1,1,1,1,1,# from imap_lo_l1b_goodtimes_20260515-repoint00249_v001.0006.cdf repoint00249 pivot=104.944
2026135,516582173,516583857,0,59,Lo,1,1,1,1,1,1,1,# from imap_lo_l1b_goodtimes_20260515-repoint00249_v001.0006.cdf repoint00249 pivot=104.944
2026135,516584690,516621327,0,59,Lo,1,1,1,1,1,1,1,# from imap_lo_l1b_goodtimes_20260515-repoint00249_v001.0006.cdf repoint00249 pivot=104.944
2026136,516624529,516707733,0,59,Lo,1,1,1,1,1,1,1,# from imap_lo_l1b_goodtimes_20260516-repoint00250_v001.0007.cdf repoint00250 pivot=90.096
2026137,516710919,516794125,0,59,Lo,1,1,1,1,1,1,1,# from imap_lo_l1b_goodtimes_20260517-repoint00251_v001.0004.cdf repoint00251 pivot=74.990
2026138,516797327,516880532,0,59,Lo,1,1,1,1,1,1,1,# from imap_lo_l1b_goodtimes_20260518-repoint00252_v001.0004.cdf repoint00252 pivot=90.096
2026139,516883718,516966923,0,59,Lo,1,1,1,1,1,1,1,# from imap_lo_l1b_goodtimes_20260519-repoint00253_v001.0004.cdf repoint00253 pivot=104.944
2026140,516970125,517053331,0,59,Lo,1,1,1,1,1,1,1,# from imap_lo_l1b_goodtimes_20260520-repoint00254_v001.0004.cdf repoint00254 pivot=90.096
2026141,517056517,517139725,0,59,Lo,1,1,1,1,1,1,1,# from imap_lo_l1b_goodtimes_20260521-repoint00255_v001.0004.cdf repoint00255 pivot=74.990
2026142,517142927,517153840,0,59,Lo,1,1,1,1,1,1,1,# from imap_lo_l1b_goodtimes_20260522-repoint00256_v001.0004.cdf repoint00256 pivot=90.096
2026142,517179616,517226128,0,59,Lo,1,1,1,1,1,1,1,# from imap_lo_l1b_goodtimes_20260522-repoint00256_v001.0004.cdf repoint00256 pivot=90.096
2026143,517229328,517312526,0,59,Lo,1,1,1,1,1,1,1,# from imap_lo_l1b_goodtimes_20260523-repoint00257_v001.0004.cdf repoint00257 pivot=104.944
2026144,517315724,517366460,0,59,Lo,1,1,1,1,1,1,1,# from imap_lo_l1b_goodtimes_20260524-repoint00258_v001.0004.cdf repoint00258 pivot=90.096
2026144,517368132,517370652,0,59,Lo,1,1,1,1,1,1,1,# from imap_lo_l1b_goodtimes_20260524-repoint00258_v001.0004.cdf repoint00258 pivot=90.096
2026144,517381967,517398922,0,59,Lo,1,1,1,1,1,1,1,# from imap_lo_l1b_goodtimes_20260524-repoint00258_v001.0004.cdf repoint00258 pivot=90.096
2026145,517402121,517421413,0,59,Lo,1,1,1,1,1,1,1,# from imap_lo_l1b_goodtimes_20260525-repoint00259_v001.0004.cdf repoint00259 pivot=74.990
2026145,517423924,517485321,0,59,Lo,1,1,1,1,1,1,1,# from imap_lo_l1b_goodtimes_20260525-repoint00259_v001.0004.cdf repoint00259 pivot=74.990
2026146,517488521,517517875,0,59,Lo,1,1,1,1,1,1,1,# from imap_lo_l1b_goodtimes_20260526-repoint00260_v001.0004.cdf repoint00260 pivot=90.096
2026146,517526675,517571735,0,59,Lo,1,1,1,1,1,1,1,# from imap_lo_l1b_goodtimes_20260526-repoint00260_v001.0004.cdf repoint00260 pivot=90.096
2026147,517574920,517658134,0,59,Lo,1,1,1,1,1,1,1,# from imap_lo_l1b_goodtimes_20260527-repoint00261_v001.0004.cdf repoint00261 pivot=104.944
2026148,517661318,517687737,0,59,Lo,1,1,1,1,1,1,1,# from imap_lo_l1b_goodtimes_20260528-repoint00262_v001.0004.cdf repoint00262 pivot=90.096
2026148,517690668,517744533,0,59,Lo,1,1,1,1,1,1,1,# from imap_lo_l1b_goodtimes_20260528-repoint00262_v001.0004.cdf repoint00262 pivot=90.096
2026149,517747718,517800133,0,59,Lo,1,1,1,1,1,1,1,# from imap_lo_l1b_goodtimes_20260529-repoint00263_v001.0004.cdf repoint00263 pivot=74.990
2026149,517802645,517802650,0,59,Lo,1,1,1,1,1,1,1,# from imap_lo_l1b_goodtimes_20260529-repoint00263_v001.0004.cdf repoint00263 pivot=74.990
2026149,517803482,517814389,0,59,Lo,1,1,1,1,1,1,1,# from imap_lo_l1b_goodtimes_20260529-repoint00263_v001.0004.cdf repoint00263 pivot=74.990
2026149,517816899,517825290,0,59,Lo,1,1,1,1,1,1,1,# from imap_lo_l1b_goodtimes_20260529-repoint00263_v001.0004.cdf repoint00263 pivot=74.990
2026150,517837893,517840413,0,59,Lo,1,1,1,1,1,1,1,# from imap_lo_l1b_goodtimes_20260530-repoint00264_v001.0004.cdf repoint00264 pivot=90.096
2026150,517841666,517841671,0,59,Lo,1,1,1,1,1,1,1,# from imap_lo_l1b_goodtimes_20260530-repoint00264_v001.0004.cdf repoint00264 pivot=90.096
2026150,517842505,517842510,0,59,Lo,1,1,1,1,1,1,1,# from imap_lo_l1b_goodtimes_20260530-repoint00264_v001.0004.cdf repoint00264 pivot=90.096
2026150,517843343,517844188,0,59,Lo,1,1,1,1,1,1,1,# from imap_lo_l1b_goodtimes_20260530-repoint00264_v001.0004.cdf repoint00264 pivot=90.096
2026150,517845020,517845864,0,59,Lo,1,1,1,1,1,1,1,# from imap_lo_l1b_goodtimes_20260530-repoint00264_v001.0004.cdf repoint00264 pivot=90.096
2026150,517855503,517862635,0,59,Lo,1,1,1,1,1,1,1,# from imap_lo_l1b_goodtimes_20260530-repoint00264_v001.0004.cdf repoint00264 pivot=90.096
2026150,517878563,517911271,0,59,Lo,1,1,1,1,1,1,1,# from imap_lo_l1b_goodtimes_20260530-repoint00264_v001.0004.cdf repoint00264 pivot=90.096
2026150,517914620,517917335,0,59,Lo,1,1,1,1,1,1,1,# from imap_lo_l1b_goodtimes_20260530-repoint00264_v001.0004.cdf repoint00264 pivot=90.096
2026151,517920520,518003737,0,59,Lo,1,1,1,1,1,1,1,# from imap_lo_l1b_goodtimes_20260531-repoint00265_v001.0004.cdf repoint00265 pivot=104.944
2026152,518006920,518090122,0,59,Lo,1,1,1,1,1,1,1,# from imap_lo_l1b_goodtimes_20260601-repoint00266_v001.0004.cdf repoint00266 pivot=90.096
2026153,518093322,518176525,0,59,Lo,1,1,1,1,1,1,1,# from imap_lo_l1b_goodtimes_20260602-repoint00267_v001.0004.cdf repoint00267 pivot=74.990
2026154,518179725,518262927,0,59,Lo,1,1,1,1,1,1,1,# from imap_lo_l1b_goodtimes_20260603-repoint00268_v001.0004.cdf repoint00268 pivot=90.096
2026155,518266127,518349330,0,59,Lo,1,1,1,1,1,1,1,# from imap_lo_l1b_goodtimes_20260604-repoint00269_v001.0004.cdf repoint00269 pivot=104.944
2026156,518352529,518365113,0,59,Lo,1,1,1,1,1,1,1,# from imap_lo_l1b_goodtimes_20260605-repoint00270_v001.0004.cdf repoint00270 pivot=90.096
2026156,518395148,518396830,0,59,Lo,1,1,1,1,1,1,1,# from imap_lo_l1b_goodtimes_20260605-repoint00270_v001.0004.cdf repoint00270 pivot=90.096
2026156,518406468,518406473,0,59,Lo,1,1,1,1,1,1,1,# from imap_lo_l1b_goodtimes_20260605-repoint00270_v001.0004.cdf repoint00270 pivot=90.096
2026156,518407307,518435733,0,59,Lo,1,1,1,1,1,1,1,# from imap_lo_l1b_goodtimes_20260605-repoint00270_v001.0004.cdf repoint00270 pivot=90.096
2026157,518438918,518522124,0,59,Lo,1,1,1,1,1,1,1,# from imap_lo_l1b_goodtimes_20260606-repoint00271_v001.0004.cdf repoint00271 pivot=74.990
2026158,518525323,518608528,0,59,Lo,1,1,1,1,1,1,1,# from imap_lo_l1b_goodtimes_20260607-repoint00272_v001.0004.cdf repoint00272 pivot=90.096
2026159,518611728,518694932,0,59,Lo,1,1,1,1,1,1,1,# from imap_lo_l1b_goodtimes_20260608-repoint00273_v001.0003.cdf repoint00273 pivot=104.944
2026160,518698118,518709863,0,59,Lo,1,1,1,1,1,1,1,# from imap_lo_l1b_goodtimes_20260609-repoint00274_v001.0003.cdf repoint00274 pivot=90.096
2026160,518725372,518725377,0,59,Lo,1,1,1,1,1,1,1,# from imap_lo_l1b_goodtimes_20260609-repoint00274_v001.0003.cdf repoint00274 pivot=90.096
2026160,518728308,518730408,0,59,Lo,1,1,1,1,1,1,1,# from imap_lo_l1b_goodtimes_20260609-repoint00274_v001.0003.cdf repoint00274 pivot=90.096
2026160,518742563,518742568,0,59,Lo,1,1,1,1,1,1,1,# from imap_lo_l1b_goodtimes_20260609-repoint00274_v001.0003.cdf repoint00274 pivot=90.096
2026160,518743821,518744245,0,59,Lo,1,1,1,1,1,1,1,# from imap_lo_l1b_goodtimes_20260609-repoint00274_v001.0003.cdf repoint00274 pivot=90.096
2026160,518745498,518746761,0,59,Lo,1,1,1,1,1,1,1,# from imap_lo_l1b_goodtimes_20260609-repoint00274_v001.0003.cdf repoint00274 pivot=90.096
2026160,518747596,518748438,0,59,Lo,1,1,1,1,1,1,1,# from imap_lo_l1b_goodtimes_20260609-repoint00274_v001.0003.cdf repoint00274 pivot=90.096
2026160,518752627,518761436,0,59,Lo,1,1,1,1,1,1,1,# from imap_lo_l1b_goodtimes_20260609-repoint00274_v001.0003.cdf repoint00274 pivot=90.096
2026160,518764786,518766048,0,59,Lo,1,1,1,1,1,1,1,# from imap_lo_l1b_goodtimes_20260609-repoint00274_v001.0003.cdf repoint00274 pivot=90.096
2026160,518772752,518773176,0,59,Lo,1,1,1,1,1,1,1,# from imap_lo_l1b_goodtimes_20260609-repoint00274_v001.0003.cdf repoint00274 pivot=90.096
2026160,518774010,518774015,0,59,Lo,1,1,1,1,1,1,1,# from imap_lo_l1b_goodtimes_20260609-repoint00274_v001.0003.cdf repoint00274 pivot=90.096
2026160,518774849,518775273,0,59,Lo,1,1,1,1,1,1,1,# from imap_lo_l1b_goodtimes_20260609-repoint00274_v001.0003.cdf repoint00274 pivot=90.096
2026161,518805907,518805912,0,59,Lo,1,1,1,1,1,1,1,# from imap_lo_l1b_goodtimes_20260610-repoint00275_v001.0003.cdf repoint00275 pivot=74.990
2026161,518806746,518806751,0,59,Lo,1,1,1,1,1,1,1,# from imap_lo_l1b_goodtimes_20260610-repoint00275_v001.0003.cdf repoint00275 pivot=74.990
2026161,518808004,518808009,0,59,Lo,1,1,1,1,1,1,1,# from imap_lo_l1b_goodtimes_20260610-repoint00275_v001.0003.cdf repoint00275 pivot=74.990
2026161,518822680,518823104,0,59,Lo,1,1,1,1,1,1,1,# from imap_lo_l1b_goodtimes_20260610-repoint00275_v001.0003.cdf repoint00275 pivot=74.990
2026161,518828969,518829813,0,59,Lo,1,1,1,1,1,1,1,# from imap_lo_l1b_goodtimes_20260610-repoint00275_v001.0003.cdf repoint00275 pivot=74.990
2026161,518831485,518831909,0,59,Lo,1,1,1,1,1,1,1,# from imap_lo_l1b_goodtimes_20260610-repoint00275_v001.0003.cdf repoint00275 pivot=74.990
2026161,518832744,518833588,0,59,Lo,1,1,1,1,1,1,1,# from imap_lo_l1b_goodtimes_20260610-repoint00275_v001.0003.cdf repoint00275 pivot=74.990
2026161,518841130,518841973,0,59,Lo,1,1,1,1,1,1,1,# from imap_lo_l1b_goodtimes_20260610-repoint00275_v001.0003.cdf repoint00275 pivot=74.990
2026161,518843226,518844069,0,59,Lo,1,1,1,1,1,1,1,# from imap_lo_l1b_goodtimes_20260610-repoint00275_v001.0003.cdf repoint00275 pivot=74.990
2026161,518845323,518845328,0,59,Lo,1,1,1,1,1,1,1,# from imap_lo_l1b_goodtimes_20260610-repoint00275_v001.0003.cdf repoint00275 pivot=74.990
2026161,518847419,518849521,0,59,Lo,1,1,1,1,1,1,1,# from imap_lo_l1b_goodtimes_20260610-repoint00275_v001.0003.cdf repoint00275 pivot=74.990
2026161,518852031,518864615,0,59,Lo,1,1,1,1,1,1,1,# from imap_lo_l1b_goodtimes_20260610-repoint00275_v001.0003.cdf repoint00275 pivot=74.990
2026162,518870930,518875547,0,59,Lo,1,1,1,1,1,1,1,# from imap_lo_l1b_goodtimes_20260611-repoint00276_v001.0004.cdf repoint00276 pivot=90.096
2026162,518891896,518893159,0,59,Lo,1,1,1,1,1,1,1,# from imap_lo_l1b_goodtimes_20260611-repoint00276_v001.0004.cdf repoint00276 pivot=90.096
2026162,518933825,518933830,0,59,Lo,1,1,1,1,1,1,1,# from imap_lo_l1b_goodtimes_20260611-repoint00276_v001.0004.cdf repoint00276 pivot=90.096
2026162,518934664,518954136,0,59,Lo,1,1,1,1,1,1,1,# from imap_lo_l1b_goodtimes_20260611-repoint00276_v001.0004.cdf repoint00276 pivot=90.096
2026163,518957321,519040528,0,59,Lo,1,1,1,1,1,1,1,# from imap_lo_l1b_goodtimes_20260612-repoint00277_v001.0004.cdf repoint00277 pivot=104.944
2026164,519043729,519126935,0,59,Lo,1,1,1,1,1,1,1,# from imap_lo_l1b_goodtimes_20260613-repoint00278_v001.0004.cdf repoint00278 pivot=90.096
2026165,519130120,519213329,0,59,Lo,1,1,1,1,1,1,1,# from imap_lo_l1b_goodtimes_20260614-repoint00279_v001.0004.cdf repoint00279 pivot=74.990
2026166,519216529,519299723,0,59,Lo,1,1,1,1,1,1,1,# from imap_lo_l1b_goodtimes_20260615-repoint00280_v001.0003.cdf repoint00280 pivot=90.096
2026167,519302923,519383016,0,59,Lo,1,1,1,1,1,1,1,# from imap_lo_l1b_goodtimes_20260616-repoint00281_v001.0003.cdf repoint00281 pivot=104.944
2026167,519384269,519386131,0,59,Lo,1,1,1,1,1,1,1,# from imap_lo_l1b_goodtimes_20260616-repoint00281_v001.0003.cdf repoint00281 pivot=104.944
2026168,519398960,519398965,0,59,Lo,1,1,1,1,1,1,1,# from imap_lo_l1b_goodtimes_20260617-repoint00282_v001.0004.cdf repoint00282 pivot=90.096
2026168,519400218,519472525,0,59,Lo,1,1,1,1,1,1,1,# from imap_lo_l1b_goodtimes_20260617-repoint00282_v001.0004.cdf repoint00282 pivot=90.096
2026169,519475725,519526049,0,59,Lo,1,1,1,1,1,1,1,# from imap_lo_l1b_goodtimes_20260618-repoint00283_v001.0004.cdf repoint00283 pivot=74.990
2026169,519531076,519531081,0,59,Lo,1,1,1,1,1,1,1,# from imap_lo_l1b_goodtimes_20260618-repoint00283_v001.0004.cdf repoint00283 pivot=74.990
2026169,519532334,519532758,0,59,Lo,1,1,1,1,1,1,1,# from imap_lo_l1b_goodtimes_20260618-repoint00283_v001.0004.cdf repoint00283 pivot=74.990
2026169,519539882,519546597,0,59,Lo,1,1,1,1,1,1,1,# from imap_lo_l1b_goodtimes_20260618-repoint00283_v001.0004.cdf repoint00283 pivot=74.990
2026169,519547849,519548692,0,59,Lo,1,1,1,1,1,1,1,# from imap_lo_l1b_goodtimes_20260618-repoint00283_v001.0004.cdf repoint00283 pivot=74.990
2026170,519562121,519565061,0,59,Lo,1,1,1,1,1,1,1,# from imap_lo_l1b_goodtimes_20260619-repoint00284_v001.0004.cdf repoint00284 pivot=90.096
2026170,519565895,519601542,0,59,Lo,1,1,1,1,1,1,1,# from imap_lo_l1b_goodtimes_20260619-repoint00284_v001.0004.cdf repoint00284 pivot=90.096
2026170,519604472,519645331,0,59,Lo,1,1,1,1,1,1,1,# from imap_lo_l1b_goodtimes_20260619-repoint00284_v001.0004.cdf repoint00284 pivot=90.096
2026171,519648516,519731726,0,59,Lo,1,1,1,1,1,1,1,# from imap_lo_l1b_goodtimes_20260620-repoint00285_v001.0004.cdf repoint00285 pivot=104.944
2026172,519734926,519818122,0,59,Lo,1,1,1,1,1,1,1,# from imap_lo_l1b_goodtimes_20260621-repoint00286_v001.0004.cdf repoint00286 pivot=90.096
2026173,519821322,519904535,0,59,Lo,1,1,1,1,1,1,1,# from imap_lo_l1b_goodtimes_20260622-repoint00287_v001.0004.cdf repoint00287 pivot=74.990
2026174,519907721,519955530,0,59,Lo,1,1,1,1,1,1,1,# from imap_lo_l1b_goodtimes_20260623-repoint00288_v001.0004.cdf repoint00288 pivot=90.096
2026174,519957622,519957627,0,59,Lo,1,1,1,1,1,1,1,# from imap_lo_l1b_goodtimes_20260623-repoint00288_v001.0004.cdf repoint00288 pivot=90.096
2026174,519958460,519968529,0,59,Lo,1,1,1,1,1,1,1,# from imap_lo_l1b_goodtimes_20260623-repoint00288_v001.0004.cdf repoint00288 pivot=90.096
2026174,519972298,519972722,0,59,Lo,1,1,1,1,1,1,1,# from imap_lo_l1b_goodtimes_20260623-repoint00288_v001.0004.cdf repoint00288 pivot=90.096
2026174,519978169,519979851,0,59,Lo,1,1,1,1,1,1,1,# from imap_lo_l1b_goodtimes_20260623-repoint00288_v001.0004.cdf repoint00288 pivot=90.096
2026174,519983201,519984044,0,59,Lo,1,1,1,1,1,1,1,# from imap_lo_l1b_goodtimes_20260623-repoint00288_v001.0004.cdf repoint00288 pivot=90.096
2026174,519988233,519990933,0,59,Lo,1,1,1,1,1,1,1,# from imap_lo_l1b_goodtimes_20260623-repoint00288_v001.0004.cdf repoint00288 pivot=90.096
2026175,519994118,520023058,0,59,Lo,1,1,1,1,1,1,1,# from imap_lo_l1b_goodtimes_20260624-repoint00289_v001.0004.cdf repoint00289 pivot=104.944
2026175,520027246,520027670,0,59,Lo,1,1,1,1,1,1,1,# from imap_lo_l1b_goodtimes_20260624-repoint00289_v001.0004.cdf repoint00289 pivot=104.944
2026175,520029342,520032283,0,59,Lo,1,1,1,1,1,1,1,# from imap_lo_l1b_goodtimes_20260624-repoint00289_v001.0004.cdf repoint00289 pivot=104.944
2026175,520033955,520077331,0,59,Lo,1,1,1,1,1,1,1,# from imap_lo_l1b_goodtimes_20260624-repoint00289_v001.0004.cdf repoint00289 pivot=104.944
2026176,520080517,520163729,0,59,Lo,1,1,1,1,1,1,1,# from imap_lo_l1b_goodtimes_20260625-repoint00290_v001.0004.cdf repoint00290 pivot=90.096
2026177,520166929,520250129,0,59,Lo,1,1,1,1,1,1,1,# from imap_lo_l1b_goodtimes_20260626-repoint00291_v001.0004.cdf repoint00291 pivot=74.990
2026178,520253329,520336527,0,59,Lo,1,1,1,1,1,1,1,# from imap_lo_l1b_goodtimes_20260627-repoint00292_v001.0004.cdf repoint00292 pivot=90.096
2026179,520339727,520422926,0,59,Lo,1,1,1,1,1,1,1,# from imap_lo_l1b_goodtimes_20260628-repoint00293_v001.0004.cdf repoint00293 pivot=104.944
2026180,520426126,520504548,0,59,Lo,1,1,1,1,1,1,1,# from imap_lo_l1b_goodtimes_20260629-repoint00294_v001.0004.cdf repoint00294 pivot=90.096
2026181,520539784,520545241,0,59,Lo,1,1,1,1,1,1,1,# from imap_lo_l1b_goodtimes_20260630-repoint00295_v001.0004.cdf repoint00295 pivot=74.990
2026181,520565365,520595727,0,59,Lo,1,1,1,1,1,1,1,# from imap_lo_l1b_goodtimes_20260630-repoint00295_v001.0004.cdf repoint00295 pivot=74.990
2026182,520598927,520619481,0,59,Lo,1,1,1,1,1,1,1,# from imap_lo_l1b_goodtimes_20260701-repoint00296_v001.0004.cdf repoint00296 pivot=90.096
2026182,520627863,520638351,0,59,Lo,1,1,1,1,1,1,1,# from imap_lo_l1b_goodtimes_20260701-repoint00296_v001.0004.cdf repoint00296 pivot=90.096
2026182,520641701,520643383,0,59,Lo,1,1,1,1,1,1,1,# from imap_lo_l1b_goodtimes_20260701-repoint00296_v001.0004.cdf repoint00296 pivot=90.096
2026182,520680700,520682129,0,59,Lo,1,1,1,1,1,1,1,# from imap_lo_l1b_goodtimes_20260701-repoint00296_v001.0004.cdf repoint00296 pivot=90.096
2026183,520685328,520768528,0,59,Lo,1,1,1,1,1,1,1,# from imap_lo_l1b_goodtimes_20260702-repoint00297_v001.0004.cdf repoint00297 pivot=104.944
2026184,520771729,520773830,0,59,Lo,1,1,1,1,1,1,1,# from imap_lo_l1b_goodtimes_20260703-repoint00298_v001.0004.cdf repoint00298 pivot=90.096
2026184,520836728,520837991,0,59,Lo,1,1,1,1,1,1,1,# from imap_lo_l1b_goodtimes_20260703-repoint00298_v001.0004.cdf repoint00298 pivot=90.096
2026184,520842599,520848475,0,59,Lo,1,1,1,1,1,1,1,# from imap_lo_l1b_goodtimes_20260703-repoint00298_v001.0004.cdf repoint00298 pivot=90.096
2026184,520849309,520849314,0,59,Lo,1,1,1,1,1,1,1,# from imap_lo_l1b_goodtimes_20260703-repoint00298_v001.0004.cdf repoint00298 pivot=90.096
2026184,520850147,520854930,0,59,Lo,1,1,1,1,1,1,1,# from imap_lo_l1b_goodtimes_20260703-repoint00298_v001.0004.cdf repoint00298 pivot=90.096
2026185,520858130,520861490,0,59,Lo,1,1,1,1,1,1,1,# from imap_lo_l1b_goodtimes_20260704-repoint00299_v001.0004.cdf repoint00299 pivot=74.990
2026185,520870292,520870297,0,59,Lo,1,1,1,1,1,1,1,# from imap_lo_l1b_goodtimes_20260704-repoint00299_v001.0004.cdf repoint00299 pivot=74.990
2026185,520871131,520871555,0,59,Lo,1,1,1,1,1,1,1,# from imap_lo_l1b_goodtimes_20260704-repoint00299_v001.0004.cdf repoint00299 pivot=74.990
2026185,520873647,520873652,0,59,Lo,1,1,1,1,1,1,1,# from imap_lo_l1b_goodtimes_20260704-repoint00299_v001.0004.cdf repoint00299 pivot=74.990
2026185,520874485,520941334,0,59,Lo,1,1,1,1,1,1,1,# from imap_lo_l1b_goodtimes_20260704-repoint00299_v001.0004.cdf repoint00299 pivot=74.990
2026186,520944519,521027736,0,59,Lo,1,1,1,1,1,1,1,# from imap_lo_l1b_goodtimes_20260705-repoint00300_v001.0005.cdf repoint00300 pivot=90.096
2026187,521030921,521114138,0,59,Lo,1,1,1,1,1,1,1,# from imap_lo_l1b_goodtimes_20260706-repoint00301_v001.0005.cdf repoint00301 pivot=104.944
2026188,521117324,521200527,0,59,Lo,1,1,1,1,1,1,1,# from imap_lo_l1b_goodtimes_20260707-repoint00302_v001.0005.cdf repoint00302 pivot=90.096
2026189,521203727,521223023,0,59,Lo,1,1,1,1,1,1,1,# from imap_lo_l1b_goodtimes_20260708-repoint00303_v001.0005.cdf repoint00303 pivot=74.990
2026189,521224697,521226378,0,59,Lo,1,1,1,1,1,1,1,# from imap_lo_l1b_goodtimes_20260708-repoint00303_v001.0005.cdf repoint00303 pivot=74.990
2026189,521228889,521235185,0,59,Lo,1,1,1,1,1,1,1,# from imap_lo_l1b_goodtimes_20260708-repoint00303_v001.0005.cdf repoint00303 pivot=74.990
2026189,521244825,521249444,0,59,Lo,1,1,1,1,1,1,1,# from imap_lo_l1b_goodtimes_20260708-repoint00303_v001.0005.cdf repoint00303 pivot=74.990
2026190,521300601,521301027,0,59,Lo,1,1,1,1,1,1,1,# from imap_lo_l1b_goodtimes_20260709-repoint00304_v001.0005.cdf repoint00304 pivot=90.096
2026190,521304376,521314446,0,59,Lo,1,1,1,1,1,1,1,# from imap_lo_l1b_goodtimes_20260709-repoint00304_v001.0005.cdf repoint00304 pivot=90.096
2026190,521324086,521324091,0,59,Lo,1,1,1,1,1,1,1,# from imap_lo_l1b_goodtimes_20260709-repoint00304_v001.0005.cdf repoint00304 pivot=90.096
2026190,521327441,521329543,0,59,Lo,1,1,1,1,1,1,1,# from imap_lo_l1b_goodtimes_20260709-repoint00304_v001.0005.cdf repoint00304 pivot=90.096
2026190,521331635,521352188,0,59,Lo,1,1,1,1,1,1,1,# from imap_lo_l1b_goodtimes_20260709-repoint00304_v001.0005.cdf repoint00304 pivot=90.096
2026191,521379038,521388688,0,59,Lo,1,1,1,1,1,1,1,# from imap_lo_l1b_goodtimes_20260710-repoint00305_v001.0005.cdf repoint00305 pivot=104.944
2026191,521390780,521459726,0,59,Lo,1,1,1,1,1,1,1,# from imap_lo_l1b_goodtimes_20260710-repoint00305_v001.0005.cdf repoint00305 pivot=104.944
2026192,521462926,521494385,0,59,Lo,1,1,1,1,1,1,1,# from imap_lo_l1b_goodtimes_20260711-repoint00306_v001.0001.cdf repoint00306 pivot=90.096
2026192,521495218,521495223,0,59,Lo,1,1,1,1,1,1,1,# from imap_lo_l1b_goodtimes_20260711-repoint00306_v001.0001.cdf repoint00306 pivot=90.096
2026192,521496056,521496061,0,59,Lo,1,1,1,1,1,1,1,# from imap_lo_l1b_goodtimes_20260711-repoint00306_v001.0001.cdf repoint00306 pivot=90.096
2026192,521500250,521501513,0,59,Lo,1,1,1,1,1,1,1,# from imap_lo_l1b_goodtimes_20260711-repoint00306_v001.0001.cdf repoint00306 pivot=90.096
2026192,521506542,521507804,0,59,Lo,1,1,1,1,1,1,1,# from imap_lo_l1b_goodtimes_20260711-repoint00306_v001.0001.cdf repoint00306 pivot=90.096
2026192,521508638,521508643,0,59,Lo,1,1,1,1,1,1,1,# from imap_lo_l1b_goodtimes_20260711-repoint00306_v001.0001.cdf repoint00306 pivot=90.096
2026192,521513670,521528353,0,59,Lo,1,1,1,1,1,1,1,# from imap_lo_l1b_goodtimes_20260711-repoint00306_v001.0001.cdf repoint00306 pivot=90.096
2026192,521529187,521546131,0,59,Lo,1,1,1,1,1,1,1,# from imap_lo_l1b_goodtimes_20260711-repoint00306_v001.0001.cdf repoint00306 pivot=90.096
2026193,521549316,521632538,0,59,Lo,1,1,1,1,1,1,1,# from imap_lo_l1b_goodtimes_20260712-repoint00307_v001.0005.cdf repoint00307 pivot=74.990
2026194,521635724,521718930,0,59,Lo,1,1,1,1,1,1,1,# from imap_lo_l1b_goodtimes_20260713-repoint00308_v001.0005.cdf repoint00308 pivot=90.096
2026195,521722131,521763235,0,59,Lo,1,1,1,1,1,1,1,# from imap_lo_l1b_goodtimes_20260714-repoint00309_v001.0005.cdf repoint00309 pivot=104.944
2026195,521772876,521805336,0,59,Lo,1,1,1,1,1,1,1,# from imap_lo_l1b_goodtimes_20260714-repoint00309_v001.0005.cdf repoint00309 pivot=104.944
2026196,521808521,521868498,0,59,Lo,1,1,1,1,1,1,1,# from imap_lo_l1b_goodtimes_20260715-repoint00310_v001.0006.cdf repoint00310 pivot=90.096
2026196,521869751,521869756,0,59,Lo,1,1,1,1,1,1,1,# from imap_lo_l1b_goodtimes_20260715-repoint00310_v001.0006.cdf repoint00310 pivot=90.096
2026196,521873106,521891728,0,59,Lo,1,1,1,1,1,1,1,# from imap_lo_l1b_goodtimes_20260715-repoint00310_v001.0006.cdf repoint00310 pivot=90.096
2026197,521894928,521978137,0,59,Lo,1,1,1,1,1,1,1,# from imap_lo_l1b_goodtimes_20260716-repoint00311_v001.0006.cdf repoint00311 pivot=74.990
2026198,521981323,522064531,0,59,Lo,1,1,1,1,1,1,1,# from imap_lo_l1b_goodtimes_20260717-repoint00312_v001.0006.cdf repoint00312 pivot=90.096
2026199,522067716,522150924,0,59,Lo,1,1,1,1,1,1,1,# from imap_lo_l1b_goodtimes_20260718-repoint00313_v001.0005.cdf repoint00313 pivot=104.944
2026200,522154125,522237333,0,59,Lo,1,1,1,1,1,1,1,# from imap_lo_l1b_goodtimes_20260719-repoint00314_v001.0004.cdf repoint00314 pivot=90.096
2026201,522240520,522300919,0,59,Lo,1,1,1,1,1,1,1,# from imap_lo_l1b_goodtimes_20260720-repoint00315_v001.0001.cdf repoint00315 pivot=74.990
2026201,522302171,522307208,0,59,Lo,1,1,1,1,1,1,1,# from imap_lo_l1b_goodtimes_20260720-repoint00315_v001.0001.cdf repoint00315 pivot=74.990
2026202,522365095,522365521,0,59,Lo,1,1,1,1,1,1,1,# from imap_lo_l1b_goodtimes_20260721-repoint00316_v001.0001.cdf repoint00316 pivot=90.096
2026203,522418359,522418783,0,59,Lo,1,1,1,1,1,1,1,# from imap_lo_l1b_goodtimes_20260722-repoint00317_v001.0002.cdf repoint00317 pivot=104.944
2026203,522419617,522419622,0,59,Lo,1,1,1,1,1,1,1,# from imap_lo_l1b_goodtimes_20260722-repoint00317_v001.0002.cdf repoint00317 pivot=104.944
2026203,522426747,522426752,0,59,Lo,1,1,1,1,1,1,1,# from imap_lo_l1b_goodtimes_20260722-repoint00317_v001.0002.cdf repoint00317 pivot=104.944
2026203,522427585,522427590,0,59,Lo,1,1,1,1,1,1,1,# from imap_lo_l1b_goodtimes_20260722-repoint00317_v001.0002.cdf repoint00317 pivot=104.944
2026203,522434296,522461142,0,59,Lo,1,1,1,1,1,1,1,# from imap_lo_l1b_goodtimes_20260722-repoint00317_v001.0002.cdf repoint00317 pivot=104.944
2026203,522463234,522463239,0,59,Lo,1,1,1,1,1,1,1,# from imap_lo_l1b_goodtimes_20260722-repoint00317_v001.0002.cdf repoint00317 pivot=104.944
2026203,522464073,522470789,0,59,Lo,1,1,1,1,1,1,1,# from imap_lo_l1b_goodtimes_20260722-repoint00317_v001.0002.cdf repoint00317 pivot=104.944
2026203,522471622,522472466,0,59,Lo,1,1,1,1,1,1,1,# from imap_lo_l1b_goodtimes_20260722-repoint00317_v001.0002.cdf repoint00317 pivot=104.944
2026203,522473719,522496537,0,59,Lo,1,1,1,1,1,1,1,# from imap_lo_l1b_goodtimes_20260722-repoint00317_v001.0002.cdf repoint00317 pivot=104.944
2026204,522499721,522501824,0,59,Lo,1,1,1,1,1,1,1,# from imap_lo_l1b_goodtimes_20260723-repoint00318_v001.0002.cdf repoint00318 pivot=90.096
2026204,522514820,522582932,0,59,Lo,1,1,1,1,1,1,1,# from imap_lo_l1b_goodtimes_20260723-repoint00318_v001.0002.cdf repoint00318 pivot=90.096
2026205,522586118,522669331,0,59,Lo,1,1,1,1,1,1,1,# from imap_lo_l1b_goodtimes_20260724-repoint00319_v001.0003.cdf repoint00319 pivot=74.990
2026206,522672516,522755729,0,59,Lo,1,1,1,1,1,1,1,# from imap_lo_l1b_goodtimes_20260725-repoint00320_v001.0002.cdf repoint00320 pivot=90.096
2026207,522758930,522842127,0,59,Lo,1,1,1,1,1,1,1,# from imap_lo_l1b_goodtimes_20260726-repoint00321_v001.0002.cdf repoint00321 pivot=104.944
2026208,522845327,522928525,0,59,Lo,1,1,1,1,1,1,1,# from imap_lo_l1b_goodtimes_20260727-repoint00322_v001.0002.cdf repoint00322 pivot=90.096
2026209,522931726,523014925,0,59,Lo,1,1,1,1,1,1,1,# from imap_lo_l1b_goodtimes_20260728-repoint00323_v001.0002.cdf repoint00323 pivot=74.990
2026210,523018126,523101326,0,59,Lo,1,1,1,1,1,1,1,# from imap_lo_l1b_goodtimes_20260729-repoint00324_v001.0002.cdf repoint00324 pivot=90.096
2026211,523104525,523187739,0,59,Lo,1,1,1,1,1,1,1,# from imap_lo_l1b_goodtimes_20260730-repoint00325_v001.0002.cdf repoint00325 pivot=104.944
2026212,523190925,523274140,0,59,Lo,1,1,1,1,1,1,1,# from imap_lo_l1b_goodtimes_20260731-repoint00326_v001.0002.cdf repoint00326 pivot=90.096
2026213,523277325,523360527,0,59,Lo,1,1,1,1,1,1,1,# from imap_lo_l1b_goodtimes_20260801-repoint00327_v001.0002.cdf repoint00327 pivot=74.990
2026215,523480328,523480333,0,59,Lo,1,1,1,1,1,1,1,# from imap_lo_l1b_goodtimes_20260803-repoint00329_v001.0003.cdf repoint00329 pivot=104.944
2026215,523487040,523487045,0,59,Lo,1,1,1,1,1,1,1,# from imap_lo_l1b_goodtimes_20260803-repoint00329_v001.0003.cdf repoint00329 pivot=104.944
2026215,523497944,523497949,0,59,Lo,1,1,1,1,1,1,1,# from imap_lo_l1b_goodtimes_20260803-repoint00329_v001.0003.cdf repoint00329 pivot=104.944
2026215,523499202,523505498,0,59,Lo,1,1,1,1,1,1,1,# from imap_lo_l1b_goodtimes_20260803-repoint00329_v001.0003.cdf repoint00329 pivot=104.944
2026216,523536531,523619732,0,59,Lo,1,1,1,1,1,1,1,# from imap_lo_l1b_goodtimes_20260804-repoint00330_v001.0003.cdf repoint00330 pivot=90.096
2026217,523622918,523706136,0,59,Lo,1,1,1,1,1,1,1,# from imap_lo_l1b_goodtimes_20260805-repoint00331_v001.0003.cdf repoint00331 pivot=74.990
2026218,523709322,523792540,0,59,Lo,1,1,1,1,1,1,1,# from imap_lo_l1b_goodtimes_20260806-repoint00332_v001.0001.cdf repoint00332 pivot=90.096
2026219,523795725,523865777,0,59,Lo,1,1,1,1,1,1,1,# from imap_lo_l1b_goodtimes_20260807-repoint00333_v001.0001.cdf repoint00333 pivot=104.944
2026219,523874159,523878928,0,59,Lo,1,1,1,1,1,1,1,# from imap_lo_l1b_goodtimes_20260807-repoint00333_v001.0001.cdf repoint00333 pivot=104.944
2026220,523923234,523923239,0,59,Lo,1,1,1,1,1,1,1,# from imap_lo_l1b_goodtimes_20260808-repoint00334_v001.0004.cdf repoint00334 pivot=90.096
2026220,523930784,523930789,0,59,Lo,1,1,1,1,1,1,1,# from imap_lo_l1b_goodtimes_20260808-repoint00334_v001.0004.cdf repoint00334 pivot=90.096
2026220,523932042,523932047,0,59,Lo,1,1,1,1,1,1,1,# from imap_lo_l1b_goodtimes_20260808-repoint00334_v001.0004.cdf repoint00334 pivot=90.096
2026227,524535021,524570140,0,59,Lo,1,1,1,1,1,1,1,# from imap_lo_l1b_goodtimes_20260815-repoint00341_v001.0003.cdf repoint00341 pivot=90.096
2026228,524573326,524656534,0,59,Lo,1,1,1,1,1,1,1,# from imap_lo_l1b_goodtimes_20260816-repoint00342_v001.0001.cdf repoint00342 pivot=90.096
2026229,524659720,524662661,0,59,Lo,1,1,1,1,1,1,1,# from imap_lo_l1b_goodtimes_20260817-repoint00343_v001.0001.cdf repoint00343 pivot=74.990
2026229,524723060,524727679,0,59,Lo,1,1,1,1,1,1,1,# from imap_lo_l1b_goodtimes_20260817-repoint00343_v001.0001.cdf repoint00343 pivot=74.990
2026229,524733547,524735230,0,59,Lo,1,1,1,1,1,1,1,# from imap_lo_l1b_goodtimes_20260817-repoint00343_v001.0001.cdf repoint00343 pivot=74.990
2026230,524746116,524759124,0,59,Lo,1,1,1,1,1,1,1,# from imap_lo_l1b_goodtimes_20260818-repoint00344_v001.0008.cdf repoint00344 pivot=90.096
2026230,524759958,524761641,0,59,Lo,1,1,1,1,1,1,1,# from imap_lo_l1b_goodtimes_20260818-repoint00344_v001.0008.cdf repoint00344 pivot=90.096
2026230,524773802,524773807,0,59,Lo,1,1,1,1,1,1,1,# from imap_lo_l1b_goodtimes_20260818-repoint00344_v001.0008.cdf repoint00344 pivot=90.096
2026230,524776318,524776323,0,59,Lo,1,1,1,1,1,1,1,# from imap_lo_l1b_goodtimes_20260818-repoint00344_v001.0008.cdf repoint00344 pivot=90.096
2026230,524777157,524804008,0,59,Lo,1,1,1,1,1,1,1,# from imap_lo_l1b_goodtimes_20260818-repoint00344_v001.0008.cdf repoint00344 pivot=90.096
2026230,524807778,524807783,0,59,Lo,1,1,1,1,1,1,1,# from imap_lo_l1b_goodtimes_20260818-repoint00344_v001.0008.cdf repoint00344 pivot=90.096
2026230,524809875,524829340,0,59,Lo,1,1,1,1,1,1,1,# from imap_lo_l1b_goodtimes_20260818-repoint00344_v001.0008.cdf repoint00344 pivot=90.096
2026231,524832526,524856861,0,59,Lo,1,1,1,1,1,1,1,# from imap_lo_l1b_goodtimes_20260819-repoint00345_v001.0003.cdf repoint00345 pivot=104.944
2026231,524869223,524915741,0,59,Lo,1,1,1,1,1,1,1,# from imap_lo_l1b_goodtimes_20260819-repoint00345_v001.0003.cdf repoint00345 pivot=104.944
2026232,524918923,525002139,0,59,Lo,1,1,1,1,1,1,1,# from imap_lo_l1b_goodtimes_20260820-repoint00346_v001.0003.cdf repoint00346 pivot=90.096
2026233,525005323,525088540,0,59,Lo,1,1,1,1,1,1,1,# from imap_lo_l1b_goodtimes_20260821-repoint00347_v001.0002.cdf repoint00347 pivot=74.990
2026234,525091722,525174940,0,59,Lo,1,1,1,1,1,1,1,# from imap_lo_l1b_goodtimes_20260822-repoint00348_v001.0001.cdf repoint00348 pivot=90.096
2026235,525178123,525261340,0,59,Lo,1,1,1,1,1,1,1,# from imap_lo_l1b_goodtimes_20260823-repoint00349_v001.0003.cdf repoint00349 pivot=104.944
2026236,525264522,525347740,0,59,Lo,1,1,1,1,1,1,1,# from imap_lo_l1b_goodtimes_20260824-repoint00350_v001.0001.cdf repoint00350 pivot=90.096
2026238,525437326,525520531,0,59,Lo,1,1,1,1,1,1,1,# from imap_lo_l1b_goodtimes_20260826-repoint00352_v001.0001.cdf repoint00352 pivot=90.096
2026239,525523729,525606933,0,59,Lo,1,1,1,1,1,1,1,# from imap_lo_l1b_goodtimes_20260827-repoint00353_v001.0002.cdf repoint00353 pivot=104.944
2026240,525610116,525620179,0,59,Lo,1,1,1,1,1,1,1,# from imap_lo_l1b_goodtimes_20260828-repoint00354_v001.0003.cdf repoint00354 pivot=90.096
2026240,525626041,525626465,0,59,Lo,1,1,1,1,1,1,1,# from imap_lo_l1b_goodtimes_20260828-repoint00354_v001.0003.cdf repoint00354 pivot=90.096
2026240,525627298,525629398,0,59,Lo,1,1,1,1,1,1,1,# from imap_lo_l1b_goodtimes_20260828-repoint00354_v001.0003.cdf repoint00354 pivot=90.096
2026240,525630232,525630656,0,59,Lo,1,1,1,1,1,1,1,# from imap_lo_l1b_goodtimes_20260828-repoint00354_v001.0003.cdf repoint00354 pivot=90.096
2026241,525707415,525708258,0,59,Lo,1,1,1,1,1,1,1,# from imap_lo_l1b_goodtimes_20260829-repoint00355_v001.0001.cdf repoint00355 pivot=74.990
2026241,525774887,525779741,0,59,Lo,1,1,1,1,1,1,1,# from imap_lo_l1b_goodtimes_20260829-repoint00355_v001.0001.cdf repoint00355 pivot=74.990
2026242,525782924,525866130,0,59,Lo,1,1,1,1,1,1,1,# from imap_lo_l1b_goodtimes_20260830-repoint00356_v001.0003.cdf repoint00356 pivot=90.096
2026243,525869329,525952534,0,59,Lo,1,1,1,1,1,1,1,# from imap_lo_l1b_goodtimes_20260831-repoint00357_v001.0001.cdf repoint00357 pivot=104.944
2026245,526042122,526125331,0,59,Lo,1,1,1,1,1,1,1,# from imap_lo_l1b_goodtimes_20260902-repoint00359_v001.0003.cdf repoint00359 pivot=74.990
2026246,526128530,526211738,0,59,Lo,1,1,1,1,1,1,1,# from imap_lo_l1b_goodtimes_20260903-repoint00360_v001.0003.cdf repoint00360 pivot=90.096
2026247,526214921,526298129,0,59,Lo,1,1,1,1,1,1,1,# from imap_lo_l1b_goodtimes_20260904-repoint00361_v001.0003.cdf repoint00361 pivot=104.944
2026248,526301327,526384536,0,59,Lo,1,1,1,1,1,1,1,# from imap_lo_l1b_goodtimes_20260905-repoint00362_v001.0002.cdf repoint00362 pivot=90.096
2026249,526387719,526426701,0,59,Lo,1,1,1,1,1,1,1,# from imap_lo_l1b_goodtimes_20260906-repoint00363_v001.0003.cdf repoint00363 pivot=74.990
2026249,526434659,526443884,0,59,Lo,1,1,1,1,1,1,1,# from imap_lo_l1b_goodtimes_20260906-repoint00363_v001.0003.cdf repoint00363 pivot=74.990
2026250,526522326,526524006,0,59,Lo,1,1,1,1,1,1,1,# from imap_lo_l1b_goodtimes_20260907-repoint00364_v001.0001.cdf repoint00364 pivot=90.096
2026250,526543280,526544123,0,59,Lo,1,1,1,1,1,1,1,# from imap_lo_l1b_goodtimes_20260907-repoint00364_v001.0001.cdf repoint00364 pivot=90.096
2026250,526544956,526557339,0,59,Lo,1,1,1,1,1,1,1,# from imap_lo_l1b_goodtimes_20260907-repoint00364_v001.0001.cdf repoint00364 pivot=90.096
2026251,526560523,526572263,0,59,Lo,1,1,1,1,1,1,1,# from imap_lo_l1b_goodtimes_20260908-repoint00365_v001.0001.cdf repoint00365 pivot=104.944
2026251,526574353,526577291,0,59,Lo,1,1,1,1,1,1,1,# from imap_lo_l1b_goodtimes_20260908-repoint00365_v001.0001.cdf repoint00365 pivot=104.944
2026251,526578125,526578130,0,59,Lo,1,1,1,1,1,1,1,# from imap_lo_l1b_goodtimes_20260908-repoint00365_v001.0001.cdf repoint00365 pivot=104.944
2026251,526579382,526579806,0,59,Lo,1,1,1,1,1,1,1,# from imap_lo_l1b_goodtimes_20260908-repoint00365_v001.0001.cdf repoint00365 pivot=104.944
2026251,526581477,526583997,0,59,Lo,1,1,1,1,1,1,1,# from imap_lo_l1b_goodtimes_20260908-repoint00365_v001.0001.cdf repoint00365 pivot=104.944
2026251,526586088,526588188,0,59,Lo,1,1,1,1,1,1,1,# from imap_lo_l1b_goodtimes_20260908-repoint00365_v001.0001.cdf repoint00365 pivot=104.944
2026251,526600756,526600761,0,59,Lo,1,1,1,1,1,1,1,# from imap_lo_l1b_goodtimes_20260908-repoint00365_v001.0001.cdf repoint00365 pivot=104.944
2026251,526602851,526605790,0,59,Lo,1,1,1,1,1,1,1,# from imap_lo_l1b_goodtimes_20260908-repoint00365_v001.0001.cdf repoint00365 pivot=104.944
2026252,526652784,526652789,0,59,Lo,1,1,1,1,1,1,1,# from imap_lo_l1b_goodtimes_20260909-repoint00366_v001.0001.cdf repoint00366 pivot=90.096
2026252,526680025,526680030,0,59,Lo,1,1,1,1,1,1,1,# from imap_lo_l1b_goodtimes_20260909-repoint00366_v001.0001.cdf repoint00366 pivot=90.096
2026252,526680863,526730142,0,59,Lo,1,1,1,1,1,1,1,# from imap_lo_l1b_goodtimes_20260909-repoint00366_v001.0001.cdf repoint00366 pivot=90.096
